"Name of Covered Entity","State","Covered Entity Type","Individuals Affected","Breach Submission Date","Type of Breach","Location of Breached Information","Business Associate Present","Web Description"
"Andover Eye Associates","MA","Healthcare Provider","1638","12/31/2025","Hacking/IT Incident","Email","No",""
"York Hospital","ME","Healthcare Provider","1259","12/23/2025","Unauthorized Access/Disclosure","Paper/Films","No",""
"Mission Neighborhood Health Center","CA","Healthcare Provider","3741","12/19/2025","Hacking/IT Incident","Network Server","Yes",""
"FPMCM LLC","TN","Business Associate","2072","12/15/2025","Unauthorized Access/Disclosure","Email","Yes",""
"OCAT, LLC dba Evoke Wellness at Hilliard","OH","Healthcare Provider","1629","12/12/2025","Unauthorized Access/Disclosure","Electronic Medical Record","No",""
"Fieldtex Products, Inc.","NY","Business Associate","104071","12/12/2025","Hacking/IT Incident","Network Server","Yes",""
"Heart of Texas Behavioral Health Network","TX","Healthcare Provider","1309","12/10/2025","Unauthorized Access/Disclosure","Paper/Films","No",""
"Southern Oregon Neurosurgical and Spine Associates, PC","OR","Healthcare Provider","1000","12/09/2025","Hacking/IT Incident","Email","No",""
"Ochsner LSU Health – Regional Urology","LA","Healthcare Provider","4519","12/09/2025","Hacking/IT Incident","Network Server","No",""
"NCH Corporation Employee Benefits Plan","TX","Health Plan","3098","12/05/2025","Hacking/IT Incident","Network Server","No",""
"Health First Health Plans","FL","Health Plan","1036","12/05/2025","Hacking/IT Incident","Network Server","Yes",""
"Greater St. Louis Oral & Maxillofacial Surgery PC ","MO","Healthcare Provider","501","12/04/2025","Hacking/IT Incident","Email","No",""
"Fieldtex Products, Inc.","NY","Business Associate","5901","12/03/2025","Hacking/IT Incident","Network Server","Yes",""
"Fieldtex Products, Inc.","NY","Business Associate","9206","12/03/2025","Hacking/IT Incident","Network Server","Yes",""
"Fieldtex Products, Inc.","NY","Business Associate","20641","12/03/2025","Hacking/IT Incident","Network Server","Yes",""
"Madison Healthcare Services","MN","Healthcare Provider","500","12/02/2025","Hacking/IT Incident","Network Server","No",""
"FedEx Corporation Group Health Plan","TN","Health Plan","1066","12/01/2025","Hacking/IT Incident","Network Server","Yes",""
"Sports Medicine & Orthopaedics","RI","Healthcare Provider","4000","11/30/2025","Hacking/IT Incident","Network Server","No",""
"Richmond Behavioral Health Authority","VA","Healthcare Provider","113232","11/28/2025","Hacking/IT Incident","Network Server","No",""
"Henry Ford Health","MI","Healthcare Provider","1984","11/26/2025","Unauthorized Access/Disclosure","Desktop Computer","No",""
"Persante Health Care ","NJ","Business Associate","111815","11/26/2025","Hacking/IT Incident","Network Server","Yes",""
"Keystone Alliance, Inc.","IL","Business Associate","1021","11/26/2025","Hacking/IT Incident","Email","Yes",""
"Center for Urologic Care of Berks CO","PA","Healthcare Provider","543","11/26/2025","Hacking/IT Incident","Network Server","No",""
"Davies, McFarland & Carroll LLC","PA","Business Associate","54712","11/24/2025","Hacking/IT Incident","Network Server","Yes",""
"VITAS Hospice Services, LLC","FL","Healthcare Provider","319177","11/24/2025","Hacking/IT Incident","Network Server","No",""
"SomnoSleep Consultants, LLC","VA","Healthcare Provider","913","11/24/2025","Hacking/IT Incident","Network Server","Yes",""
"Millcreek Pediatrics","DE","Healthcare Provider","14095","11/21/2025","Hacking/IT Incident","Network Server","No",""
"NS Support, LLC","ID","Healthcare Provider","92845","11/21/2025","Hacking/IT Incident","Network Server","No",""
"Delta Dental of Virginia","VA","Health Plan","126953","11/21/2025","Hacking/IT Incident","Email","No",""
"Nura PLLC","MN","Healthcare Provider","5207","11/21/2025","Hacking/IT Incident","Email","No",""
"Fieldtex Products, Inc.","NY","Business Associate","238615","11/20/2025","Hacking/IT Incident","Network Server","Yes",""
"Personic Management Company LLC","VA","Business Associate","10929","11/19/2025","Hacking/IT Incident","Network Server","Yes",""
"County of Catawba","NC","Health Plan","500","11/19/2025","Hacking/IT Incident","Network Server","No",""
"St. John’s Riverside Hospital","NY","Healthcare Provider","2238","11/14/2025","Hacking/IT Incident","Email","No",""
"Optum Financial Services","MN","Business Associate","2124","11/13/2025","Unauthorized Access/Disclosure","Paper/Films","Yes",""
"Adventist HealthCare ","MD","Healthcare Provider","1300","11/13/2025","Loss","Paper/Films","Yes",""
"Wisconsin Department of Corrections","WI","Healthcare Provider","1723","11/12/2025","Unauthorized Access/Disclosure","Network Server","No",""
"West Suburban Eye Surgery Center LLC","MA","Business Associate","500","11/11/2025","Unauthorized Access/Disclosure","Electronic Medical Record","Yes",""
"Morton Drug Company","WI","Healthcare Provider","40051","11/10/2025","Hacking/IT Incident","Network Server","No",""
"Steven J. Pearlman MD PC ","NY","Healthcare Provider","11764","11/09/2025","Hacking/IT Incident","Network Server","No",""
"Healthcare Therapy Services, Inc.","IN","Healthcare Provider","15027","11/08/2025","Hacking/IT Incident","Email","No",""
"Marshfield Clinic Health System ","WI","Healthcare Provider","35952","11/07/2025","Hacking/IT Incident","Email","No",""
"Loving and Living Center, PC dba Awakenings Center","NC","Healthcare Provider","17800","11/07/2025","Hacking/IT Incident","Electronic Medical Record","No",""
"Chase Affiliated Companies","NM","Health Plan","2165","11/06/2025","Hacking/IT Incident","Network Server","No",""
"Archer Health","CA","Healthcare Provider","4285","11/06/2025","Hacking/IT Incident","Network Server","No",""
"Denton MHMR Center","TX","Healthcare Provider","108967","11/05/2025","Hacking/IT Incident","Network Server","No",""
"Synergy Advanced Healthcare LLC","CT","Healthcare Provider","1260","11/04/2025","Unauthorized Access/Disclosure","Electronic Medical Record","No",""
"Tri Century Eye Care PC","PA","Healthcare Provider","200000","10/31/2025","Hacking/IT Incident","Network Server","No",""
"Beverly Hills Oncology Medical Group","CA","Healthcare Provider","57655","10/31/2025","Hacking/IT Incident","Network Server","No",""
"Hale Makua Health Services","HI","Healthcare Provider","500","10/29/2025","Hacking/IT Incident","Network Server","No",""
"REACH, Inc","AK","Healthcare Provider","1195","10/27/2025","Hacking/IT Incident","Email","No",""
"VirMedice, LLC","AZ","Business Associate","1000","10/25/2025","Hacking/IT Incident","Network Server","Yes",""
"Physicians to Children & Adolescents","KY","Healthcare Provider","9536","10/24/2025","Hacking/IT Incident","Network Server","No",""
"Saint Mary’s Home of Erie ","PA","Healthcare Provider","501","10/24/2025","Hacking/IT Incident","Network Server","No",""
"Southwest Urology","OH","Healthcare Provider","1310","10/24/2025","Hacking/IT Incident","Network Server","Yes",""
"Fairbanks Urology","AK","Healthcare Provider","1446","10/24/2025","Hacking/IT Incident","Network Server","Yes",""
"Michael R. Schwartz, MD Inc.","CA","Healthcare Provider","9080","10/23/2025","Hacking/IT Incident","Desktop Computer","No",""
"Legacy Health, LLC","TX","Business Associate","6547","10/23/2025","Unauthorized Access/Disclosure","Electronic Medical Record","Yes",""
"Sedgebrook OpCo SL VII LLC","IL","Healthcare Provider","7382","10/23/2025","Hacking/IT Incident","Network Server","No",""
"Express Canna Cards, LLC","FL","Healthcare Provider","5000","10/20/2025","Unauthorized Access/Disclosure","Electronic Medical Record","No",""
"George E. Weems Memorial Hospital","FL","Healthcare Provider","2607","10/20/2025","Hacking/IT Incident","Email","No",""
"Heartland Health Center ","NE","Healthcare Provider","43728","10/17/2025","Hacking/IT Incident","Network Server","No",""
"Sapphire Community Health","MT","Healthcare Provider","5617","10/17/2025","Hacking/IT Incident","Network Server","Yes",""
"North Atlantic States Carpenters Health Benefits Fund","MA","Health Plan","501","10/17/2025","Hacking/IT Incident","Network Server","No",""
"McElroy & Associates, Inc. ","OK","Business Associate","6633","10/17/2025","Hacking/IT Incident","Email","Yes",""
"Conduent Business Services LLC","NJ","Business Associate","42616","10/08/2025","Hacking/IT Incident","Network Server","Yes",""
"Wellpoint, Inc.","IN","Business Associate","579","10/07/2025","Hacking/IT Incident","Network Server","Yes",""
"Sierra Vista Hospital & Clinics","NM","Healthcare Provider","75054","10/06/2025","Hacking/IT Incident","Network Server","No",""
"OB-GYN Associates, Ltd. dba OBGYN Associates ","NV","Healthcare Provider","62238","10/06/2025","Hacking/IT Incident","Network Server","No",""
"Space Coast Vascular","FL","Healthcare Provider","18819","10/06/2025","Hacking/IT Incident","Network Server","No",""
"Dermatology Associates","KY","Healthcare Provider","501","10/03/2025","Hacking/IT Incident","Network Server","No",""
"Arizona Health Care Cost Containment System- State Medicaid Agency","AZ","Health Plan","3177","10/03/2025","Unauthorized Access/Disclosure","Electronic Medical Record","No",""
"Florida Health Sciences Center, Inc","FL","Healthcare Provider","896","10/03/2025","Unauthorized Access/Disclosure","Paper/Films","No",""
"Harris County Hospital District d/b/a Harris Health ","TX","Healthcare Provider","5357","10/03/2025","Unauthorized Access/Disclosure","Electronic Medical Record","No",""
"Revere Health, PC","UT","Healthcare Provider","10800","10/02/2025","Hacking/IT Incident","Network Server","No",""
"Innovative Physical Therapy","IL","Healthcare Provider","2023","10/02/2025","Hacking/IT Incident","Email","Yes",""
"North Carolina Department of Health and Human Services","NC","Health Plan","3437","09/29/2025","Unauthorized Access/Disclosure","Paper/Films","Yes",""
"Blue Shield of California ","CA","Business Associate","607","09/29/2025","Unauthorized Access/Disclosure","Paper/Films","Yes",""
"Belkorp Ag, LLC","CA","Health Plan","942","09/29/2025","Hacking/IT Incident","Network Server","No",""
"Superior Vision Services, Inc.","NY","Business Associate","25341","09/29/2025","Hacking/IT Incident","Email","Yes",""
"Blue Shield of California","CA","Health Plan","93921","09/29/2025","Unauthorized Access/Disclosure","Paper/Films","No",""
"Thomas Davies, DPM","NY","Healthcare Provider","14581","09/29/2025","Hacking/IT Incident","Electronic Medical Record","No",""
"Gainwell Technologies LLC","TX","Business Associate","912","09/26/2025","Unauthorized Access/Disclosure","Other","Yes",""
"Intercommunity Action Inc. ","PA","Healthcare Provider","2680","09/26/2025","Hacking/IT Incident","Network Server","No",""
"Rockhill Women’s Care","MO","Healthcare Provider","70129","09/25/2025","Hacking/IT Incident","Network Server","No",""
"Susan B. Allen Memorial Hospital","KS","Healthcare Provider","12097","09/25/2025","Hacking/IT Incident","Desktop Computer, Network Server","No",""
"Doctors Imaging Group","FL","Healthcare Provider","171862","09/24/2025","Hacking/IT Incident","Network Server","No",""
"Healthcare Interactive","MD","Business Associate","501","09/22/2025","Hacking/IT Incident","Network Server","Yes",""
"City of St. Joseph, MO Health Department ","MO","Healthcare Provider","11538","09/22/2025","Hacking/IT Incident","Network Server","No",""
"UNC Hospitals","NC","Healthcare Provider","6377","09/19/2025","Hacking/IT Incident","Email","No",""
"People Encouraging People","MD","Healthcare Provider","13083","09/19/2025","Hacking/IT Incident","Network Server","No",""
"The University of North Carolina at Chapel Hill - School of Medicine","NC","Healthcare Provider","799","09/19/2025","Hacking/IT Incident","Email","No",""
"Health & Palliative Services of the Treasure Coast, Inc d/b/a Treasure Coast Hospice  (“Treasure Health ”)","FL","Healthcare Provider","13234","09/19/2025","Unauthorized Access/Disclosure","Email","No",""
"Sun Valley Surgery Center","NV","Healthcare Provider","27001","09/18/2025","Hacking/IT Incident","Network Server","No",""
"Sturgis Hospital","MI","Health Plan","77771","09/18/2025","Hacking/IT Incident","Network Server","No",""
"Sturgis Hospital","MI","Healthcare Provider","77771","09/18/2025","Hacking/IT Incident","Network Server","No",""
"Goshen Medical Center","NC","Healthcare Provider","456385","09/17/2025","Hacking/IT Incident","Network Server","No",""
"Trusteed Plan Services Corporation","WA","Business Associate","7977","09/17/2025","Hacking/IT Incident","Network Server","Yes",""
"Munson Healthcare","MI","Healthcare Provider","1186","09/17/2025","Unauthorized Access/Disclosure","Paper/Films","No",""
"Saint Anthony Hospital ","IL","Healthcare Provider","6679","09/12/2025","Hacking/IT Incident","Email","No",""
"Cookeville Regional Medical Center","TN","Healthcare Provider","500","09/12/2025","Hacking/IT Incident","Network Server","No",""
"Hampton Regional Medical Center ","SC","Healthcare Provider","501","09/12/2025","Hacking/IT Incident","Network Server","No",""
"Roush Fenway Keselowski Racing, LLC","NC","Health Plan","2160","09/12/2025","Hacking/IT Incident","Network Server","No",""
"Franklin Dermatology Group, PLC","TN","Healthcare Provider","2457","09/11/2025","Hacking/IT Incident","Network Server","Yes",""
"Western Skies Wellness LLC","OR","Healthcare Provider","1700","09/11/2025","Unauthorized Access/Disclosure","Electronic Medical Record, Other","No",""
"PGA Development, Inc.","PA","Healthcare Provider","23899","09/10/2025","Hacking/IT Incident","Network Server","No",""
"Texas Center for Infectious Disease Associates","TX","Healthcare Provider","1236","09/10/2025","Hacking/IT Incident","Email","No",""
"Coos County Family Health Services","NH","Healthcare Provider","501","09/05/2025","Hacking/IT Incident","Network Server","No",""
"Somerset County Children and Youth Services","PA","Healthcare Provider","2251","09/05/2025","Hacking/IT Incident","Email","No",""
"Medical Associates of Brevard, LLC","FL","Healthcare Provider","246711","09/05/2025","Hacking/IT Incident","Network Server","No",""
"Twin Cities Pain Clinic","MN","Healthcare Provider","3572","09/04/2025","Hacking/IT Incident","Email","No",""
"Retina Group of Florida","FL","Healthcare Provider","152691","09/03/2025","Hacking/IT Incident","Network Server","No",""
"Teamsters Union 25 Health Services & Insurance Plan","MA","Health Plan","19231","09/03/2025","Hacking/IT Incident","Network Server","No",""
"La Perouse, LLC","NV","Business Associate","501","09/02/2025","Hacking/IT Incident","Network Server","Yes",""
"North Oaks Health System","LA","Healthcare Provider","6243","09/02/2025","Hacking/IT Incident","Email","No",""
"University of Iowa Community Home Care","IA","Healthcare Provider","109029","08/29/2025","Hacking/IT Incident","Network Server","No",""
"University of Iowa Health Care","IA","Healthcare Provider","101875","08/29/2025","Hacking/IT Incident","Network Server","No",""
"Meridian Valley Laboratories, Inc.","WA","Healthcare Provider","501","08/29/2025","Hacking/IT Incident","Network Server","No",""
"Carrollton Ear, Nose and Throat, PC","GA","Healthcare Provider","3569","08/29/2025","Hacking/IT Incident","Network Server","No",""
"Reimagine Network","CA","Healthcare Provider","4799","08/29/2025","Hacking/IT Incident","Network Server","No",""
"Anthony L. Jordan Health Corporation ","NY","Healthcare Provider","2974","08/29/2025","Hacking/IT Incident","Email","No",""
"Northwest Medical Specialties PLLC","WA","Healthcare Provider","3864","08/28/2025","Hacking/IT Incident","Network Server","No",""
"Children's Center of Hamden","CT","Healthcare Provider","5213","08/28/2025","Hacking/IT Incident","Network Server","No",""
"Greater Pittsburgh Orthopaedics Associates","PA","Healthcare Provider","35000","08/27/2025","Hacking/IT Incident","Desktop Computer","No",""
"College Hometown Pharmacy","NY","Healthcare Provider","9742","08/25/2025","Hacking/IT Incident","Network Server","No",""
"College Parkside Pharmacy","NY","Healthcare Provider","5736","08/25/2025","Hacking/IT Incident","Network Server","No",""
"Assisted Living Pharmacy Service, LLC","WI","Healthcare Provider","5590","08/25/2025","Hacking/IT Incident","Network Server","No",""
"Prime Therapeutics LLC","MN","Business Associate","2266","08/25/2025","Unauthorized Access/Disclosure","Laptop","Yes",""
"Pacific Imaging Management, LLC","CA","Healthcare Provider","13158","08/25/2025","Hacking/IT Incident","Email","No",""
"zizzl llc","WI","Business Associate","2416","08/22/2025","Hacking/IT Incident","Email","Yes",""
"Beech Acres Parenting Center ","OH","Healthcare Provider","19315","08/22/2025","Hacking/IT Incident","Network Server","No",""
"Department of Social Services for Vance County, North Carolina","NC","Business Associate","501","08/22/2025","Hacking/IT Incident","Network Server","Yes",""
"Independent Health Association, Inc.","NY","Health Plan","637","08/22/2025","Unauthorized Access/Disclosure","Other","No",""
"McEwen & Associates","TX","Business Associate","500","08/21/2025","Hacking/IT Incident","Network Server","Yes",""
"McEwen & Associates","TX","Business Associate","500","08/21/2025","Hacking/IT Incident","Network Server","Yes",""
"McEwen & Associates","TX","Business Associate","500","08/21/2025","Hacking/IT Incident","Network Server","Yes",""
"Vital Imaging Medical Diagnostic Centers, LLC","FL","Healthcare Provider","260000","08/21/2025","Hacking/IT Incident","Network Server","No",""
"Preferred Hospital Leasing Hemphill Inc., d/b/a Sabine County Hospital","TX","Healthcare Provider","7600","08/21/2025","Hacking/IT Incident","Email","No",""
"Arkansas Primary Care Clinic","AR","Healthcare Provider","2491","08/20/2025","Hacking/IT Incident","Network Server","No",""
"Aspire Rural Health System","MI","Healthcare Provider","138386","08/20/2025","Unauthorized Access/Disclosure","Network Server","No",""
"Indiana Exceptional Medical care LLC","IN","Healthcare Provider","1850","08/20/2025","Unauthorized Access/Disclosure","Electronic Medical Record","No",""
"Revere Health PC","UT","Healthcare Provider","605","08/19/2025","Hacking/IT Incident","Desktop Computer","No",""
"Behavioral Health Group","TX","Healthcare Provider","597","08/19/2025","Hacking/IT Incident","Email","No",""
"CareTracker, Inc.","NY","Business Associate","501","08/18/2025","Hacking/IT Incident","Network Server","Yes",""
"Bevel Health Medical Group","PA","Healthcare Provider","510","08/18/2025","Unauthorized Access/Disclosure","Electronic Medical Record","No",""
"Pediatric Otolaryngology Head & Neck Surgery Associates, P.A.","FL","Healthcare Provider","43446","08/18/2025","Hacking/IT Incident","Network Server","No",""
"CPAP Medical Supplies and Services Inc. ","FL","Healthcare Provider","90133","08/15/2025","Hacking/IT Incident","Network Server","No",""
"Lake City Cancer Care, LLC","FL","Healthcare Provider","9980","08/15/2025","Hacking/IT Incident","Network Server","Yes",""
"Mower County Health and Human Services","MN","Healthcare Provider","501","08/15/2025","Hacking/IT Incident","Network Server","No",""
"Welcome Dentistry","CA","Healthcare Provider","1001","08/15/2025","Hacking/IT Incident","Network Server","No",""
"Children's Home & Aid dba Brightpoint","IL","Healthcare Provider","1051","08/14/2025","Hacking/IT Incident","Email","No",""
"Welcome Dentistry","CA","Healthcare Provider","1001","08/13/2025","Hacking/IT Incident","Network Server","No",""
"UnitedHealthcare","CT","Health Plan","3215","08/12/2025","Unauthorized Access/Disclosure","Paper/Films","No",""
"Laurel Cancer Care, LLC","MS","Healthcare Provider","1541","08/12/2025","Hacking/IT Incident","Email","Yes",""
"Kathalene Keller Riney NP, LLC DBA Life in Motion Family Wellness Center","IN","Healthcare Provider","3747","08/12/2025","Unauthorized Access/Disclosure","Electronic Medical Record","No",""
"Zelis Healthcare LLC","MA","Business Associate","4289","08/12/2025","Unauthorized Access/Disclosure","Paper/Films","Yes",""
"Altos Inc","CA","Business Associate","1634","08/11/2025","Hacking/IT Incident","Network Server","Yes",""
"Altos Inc","CA","Business Associate","1520","08/11/2025","Hacking/IT Incident","Network Server","Yes",""
"Altos Inc","CA","Business Associate","1011","08/11/2025","Hacking/IT Incident","Network Server","Yes",""
"Altos Inc","CA","Business Associate","882","08/11/2025","Hacking/IT Incident","Network Server","Yes",""
"Integrated Orthopedics of Arizona","AZ","Healthcare Provider","2916","08/11/2025","Hacking/IT Incident","Email","No",""
"Altos Inc","CA","Business Associate","2366","08/11/2025","Hacking/IT Incident","Network Server","Yes",""
"Altos Inc","CA","Business Associate","2700","08/11/2025","Hacking/IT Incident","Network Server","Yes",""
"Altos Inc","CA","Business Associate","6414","08/11/2025","Hacking/IT Incident","Network Server","Yes",""
"Dr. Doug's Pediatric Dentistry","UT","Healthcare Provider","3590","08/11/2025","Hacking/IT Incident","Email","No",""
"Mission City Community Network, Inc.","CA","Healthcare Provider","11016","08/09/2025","Hacking/IT Incident","Network Server","No",""
"Anderson & Kreiger LLP","MA","Business Associate","1607","08/08/2025","Hacking/IT Incident","Network Server","Yes",""
"Aflac Incorporated (“Aflac”)","GA","Health Plan","500","08/08/2025","Hacking/IT Incident","Network Server","No",""
"Friesen Group","CA","Healthcare Provider","500","08/08/2025","Hacking/IT Incident","Network Server","No",""
"Center for Disability Services, Inc.","NY","Healthcare Provider","3343","08/08/2025","Hacking/IT Incident","Email","No",""
"PROVAIL","WA","Healthcare Provider","501","08/08/2025","Hacking/IT Incident","Network Server","No",""
"South Coast Pediatrics","CA","Healthcare Provider","7000","08/05/2025","Hacking/IT Incident","Network Server","No",""
"Oglethorpe, Inc.","FL","Healthcare Provider","92332","08/05/2025","Hacking/IT Incident","Network Server","No",""
"Precision Edodontics of Raleigh","NC","Healthcare Provider","4022","08/05/2025","Hacking/IT Incident","Email","No",""
"MDLand International Corporation ","NY","Business Associate","22586","08/04/2025","Hacking/IT Incident","Network Server","Yes",""
"Genoa Community Hospital/LTC","NE","Healthcare Provider","2544","08/04/2025","Hacking/IT Incident","Email","No",""
"West Texas Oral Facial Surgery","TX","Healthcare Provider","11151","08/02/2025","Hacking/IT Incident","Network Server","No",""
"Highlands Oncology Group PA","AR","Healthcare Provider","111766","08/01/2025","Hacking/IT Incident","Network Server","No",""
"Langdon & Company, LLP Certified Public Accountants","NC","Business Associate","46061","08/01/2025","Hacking/IT Incident","Network Server","Yes",""
"DaVita Inc.","CO","Healthcare Provider","2689826","08/01/2025","Hacking/IT Incident","Network Server","No",""
"Western Montana Clinic PC","MT","Healthcare Provider","8255","08/01/2025","Hacking/IT Incident","Email","No",""
"Vail Summit Orthopaedics","CO","Healthcare Provider","5044","07/31/2025","Hacking/IT Incident","Email","No",""
"Central Maine Healthcare","ME","Healthcare Provider","7223","07/31/2025","Hacking/IT Incident","Network Server","No",""
"Berkshire Health Systems, Inc.","MA","Healthcare Provider","1421","07/30/2025","Unauthorized Access/Disclosure","Electronic Medical Record","No",""
"The Center at Cordera","CO","Healthcare Provider","6057","07/29/2025","Hacking/IT Incident","Network Server","No",""
"Compass Counseling Services, LLC","FL","Healthcare Provider","5440","07/29/2025","Hacking/IT Incident","Network Server","No",""
"Alera Group, Inc.","IL","Business Associate","155567","07/29/2025","Hacking/IT Incident","Network Server","Yes",""
"PhyNet Dermatology, LLC","TN","Business Associate","1308","07/29/2025","Hacking/IT Incident","Email","Yes",""
"AVALA Holdings","LA","Healthcare Provider","22732","07/29/2025","Hacking/IT Incident","Email","No",""
"University of Miami","FL","Healthcare Provider","2928","07/29/2025","Unauthorized Access/Disclosure","Electronic Medical Record","No",""
"Wood River Health","RI","Healthcare Provider","54926","07/28/2025","Hacking/IT Incident","Email","No",""
"Northwest Denture Center, Inc. ","WA","Healthcare Provider","19419","07/25/2025","Hacking/IT Incident","Network Server","No",""
"Doctors’ Memorial Hospital ","FL","Healthcare Provider","500","07/25/2025","Hacking/IT Incident","Network Server","Yes",""
"Nova Recovery Center, LLC d/b/a Nova Recovery Center","TX","Healthcare Provider","6242","07/24/2025","Hacking/IT Incident","Network Server","No",""
"McKenzie Memorial Hospital","MI","Healthcare Provider","58839","07/24/2025","Hacking/IT Incident","Network Server","No",""
"OB/GYN Medical Center Associates","TX","Healthcare Provider","2132","07/23/2025","Hacking/IT Incident","Network Server","Yes",""
"Gastroenterology Consultants of South Texas ","TX","Healthcare Provider","44579","07/22/2025","Hacking/IT Incident","Network Server","No",""
"Kettering Adventist Healthcare","OH","Healthcare Provider","501","07/21/2025","Hacking/IT Incident","Network Server","No",""
"OrthoAtlanta LLC","GA","Business Associate","626","07/21/2025","Hacking/IT Incident","Email","Yes",""
"Infinite Services, Inc.","NY","Healthcare Provider","31742","07/21/2025","Hacking/IT Incident","Network Server","No",""
"Dr. Michael Bilikas and Associates d.b.a. 32 Pearls","WA","Healthcare Provider","23517","07/21/2025","Hacking/IT Incident","Network Server","No",""
"Blue Shield of California","CA","Health Plan","783","07/21/2025","Unauthorized Access/Disclosure","Laptop, Network Server, Other","No",""
"Equilibria Mental Health Services","PA","Healthcare Provider","3232","07/20/2025","Hacking/IT Incident","Email","No",""
"Keys Pathology Associates, PA","FL","Healthcare Provider","20000","07/19/2025","Hacking/IT Incident","Network Server","Yes",""
"Oregon Specialty Group","OR","Healthcare Provider","3337","07/18/2025","Hacking/IT Incident","Network Server","No",""
"The Brien Center for Mental Health and Substance Abuse Services","MA","Healthcare Provider","5427","07/18/2025","Hacking/IT Incident","Network Server","No",""
"ABC Holding Company","WV","Business Associate","1300","07/18/2025","Unauthorized Access/Disclosure","Paper/Films","Yes",""
"Human Development Services of Westchester","NY","Healthcare Provider","501","07/18/2025","Hacking/IT Incident","Email","No",""
"Self Regional Healthcare","SC","Healthcare Provider","26696","07/17/2025","Hacking/IT Incident","Network Server","Yes",""
"Mid South Rehab Services Inc. ","MS","Healthcare Provider","1316","07/15/2025","Hacking/IT Incident","Email","No",""
"Northwest Medical Homes, LLC","OR","Healthcare Provider","500","07/13/2025","Hacking/IT Incident","Network Server","No",""
"Williamsburg Area Medical Assistance Corporation d/b/a Olde Towne Medical and Dental Center (OTMDC)","VA","Healthcare Provider","2567","07/13/2025","Hacking/IT Incident","Network Server","No",""
"Regency Oaks","FL","Healthcare Provider","2008","07/11/2025","Hacking/IT Incident","Email","No",""
"Freedom Plaza Senior Living","FL","Healthcare Provider","4847","07/11/2025","Hacking/IT Incident","Email","No",""
"Freedom Square of Seminole","FL","Healthcare Provider","3473","07/11/2025","Hacking/IT Incident","Email","No",""
"Picis Clinical Solutions, Inc. d/b/a Medstreaming","MA","Business Associate","500","07/11/2025","Hacking/IT Incident","Network Server","Yes",""
"Covenant Health ","MA","Business Associate","7864","07/11/2025","Hacking/IT Incident","Network Server","Yes",""
"Anne Arundel Dermatology ","MD","Healthcare Provider","1905000","07/11/2025","Hacking/IT Incident","Network Server","No",""
"Mountain Laurel Dermatology","NC","Healthcare Provider","3324","07/10/2025","Hacking/IT Incident","Network Server","No",""
"Naper Grove Vision Care","IL","Healthcare Provider","501","07/10/2025","Hacking/IT Incident","Network Server","No",""
"Florida Lung, Asthma & Sleep Specialists (FLASS)","FL","Healthcare Provider","10000","07/09/2025","Hacking/IT Incident","Network Server","No",""
"Ascension Health Services LLC dba Alpha Wellness & Alpha Medical Centre","GA","Healthcare Provider","1714","07/08/2025","Hacking/IT Incident","Network Server","No",""
"Complete Care Rehab LLC","MI","Healthcare Provider","4764","07/08/2025","Hacking/IT Incident","Network Server","No",""
"Community Health Network, Inc. ","IN","Healthcare Provider","15410","07/07/2025","Hacking/IT Incident","Email","No",""
"K&E Advanced Dentisrty","OH","Healthcare Provider","1700","07/07/2025","Hacking/IT Incident","Email","No",""
"City of Franklin","WI","Healthcare Provider","3233","07/03/2025","Hacking/IT Incident","Network Server","No",""
"Zumpano Patricios, P.A.","FL","Business Associate","279275","07/03/2025","Hacking/IT Incident","Network Server","Yes",""
"Cierant Corporation ","CT","Business Associate","232506","07/03/2025","Hacking/IT Incident","Network Server","Yes",""
"Arbor Associates, Inc.","MI","Business Associate","17040","07/03/2025","Hacking/IT Incident","Network Server","Yes",""
"Urology Associates of Charleston","SC","Healthcare Provider","2060","07/03/2025","Hacking/IT Incident","Email","No",""
"Radiology Associates of Richmond, Inc.","VA","Healthcare Provider","1419091","07/01/2025","Hacking/IT Incident","Network Server","No",""
"Texas Center for Infectious Disease Associates","TX","Healthcare Provider","19481","06/30/2025","Hacking/IT Incident","Network Server","No",""
"Centers for Medicare & Medicaid Services","MD","Health Plan","107154","06/30/2025","Hacking/IT Incident","Network Server","No",""
"Clinical Practices of the University of Pennsylvania","PA","Healthcare Provider","1432","06/30/2025","Unauthorized Access/Disclosure","Paper/Films","No",""
"Southwest Urology","OH","Healthcare Provider","7214","06/27/2025","Hacking/IT Incident","Email","Yes",""
"South Georgia Center for Cancer Care, LLC","GA","Healthcare Provider","4108","06/27/2025","Hacking/IT Incident","Email","Yes",""
"Radiation Oncology Network of Southern California, LLC","CA","Healthcare Provider","12944","06/27/2025","Hacking/IT Incident","Email","Yes",""
"PDCM Insurance","IA","Business Associate","501","06/27/2025","Hacking/IT Incident","Network Server","Yes",""
"Rocky Mountain Oncology Care","WY","Healthcare Provider","10268","06/27/2025","Hacking/IT Incident","Email","Yes",""
"PET Imaging of Tulsa","OK","Healthcare Provider","3159","06/27/2025","Hacking/IT Incident","Email","Yes",""
"PET Imaging of The Woodlands","TX","Healthcare Provider","2978","06/27/2025","Hacking/IT Incident","Email","Yes",""
"PET Imaging of Sugar Land","TX","Healthcare Provider","1808","06/27/2025","Hacking/IT Incident","Email","Yes",""
"PET Imaging of Northern Colorado","CO","Healthcare Provider","4824","06/27/2025","Hacking/IT Incident","Email","Yes",""
"PET Imaging of Houston Medical Center","TX","Healthcare Provider","1236","06/27/2025","Hacking/IT Incident","Email","Yes",""
"PET Imaging of Dallas Northeast","TX","Healthcare Provider","1935","06/27/2025","Hacking/IT Incident","Email","Yes",""
"Orange County Radiation Oncology Medical Group","CA","Healthcare Provider","1911","06/27/2025","Hacking/IT Incident","Email","Yes",""
"Mojave Radiation Oncology Medical Group","CA","Healthcare Provider","4403","06/27/2025","Hacking/IT Incident","Email","Yes",""
"Lake City Cancer Care, LLC","FL","Healthcare Provider","15142","06/27/2025","Hacking/IT Incident","Email","Yes",""
"Heartland Regional Medical Center d/b/a Mosaic Life Care","MO","Healthcare Provider","145269","06/27/2025","Hacking/IT Incident","Network Server","Yes",""
"Compumedics USA, Inc.","NC","Business Associate","318150","06/27/2025","Hacking/IT Incident","Network Server","Yes",""
"Integrated Oncology Network","TN","Business Associate","4174","06/27/2025","Hacking/IT Incident","Email","Yes",""
"Golden State Radiation Oncology","CA","Healthcare Provider","2130","06/27/2025","Hacking/IT Incident","Email","Yes",""
"Fairbanks Urology","AK","Healthcare Provider","4289","06/27/2025","Hacking/IT Incident","Email","Yes",""
"e+ Oncologics Louisiana, LLC","LA","Healthcare Provider","8270","06/27/2025","Hacking/IT Incident","Email","Yes",""
"Denali Biomedical","AK","Healthcare Provider","2413","06/27/2025","Hacking/IT Incident","Email","Yes",""
"Horizon Healthcare RCM","IN","Healthcare Clearing House","210901","06/27/2025","Hacking/IT Incident","Network Server","No",""
"Cancer Care Center of North Florida-Lake Butler","FL","Healthcare Provider","976","06/27/2025","Hacking/IT Incident","Email","Yes",""
"California Cancer Associates for Research and Excellence – San Diego","CA","Healthcare Provider","638","06/27/2025","Hacking/IT Incident","Email","Yes",""
"California Cancer Associates for Research and Excellence – High Desert","CA","Healthcare Provider","17250","06/27/2025","Hacking/IT Incident","Email","Yes",""
"California Cancer Associates for Research and Excellence - Fresno","CA","Healthcare Provider","7670","06/27/2025","Hacking/IT Incident","Email","Yes",""
"Bardmoor Cancer Center","FL","Healthcare Provider","991","06/27/2025","Hacking/IT Incident","Email","Yes",""
"Acadiana Radiation Therapy, LLC","LA","Healthcare Provider","2219","06/27/2025","Hacking/IT Incident","Email","Yes",""
"Jordan Drug, Inc.","KY","Healthcare Provider","4947","06/26/2025","Hacking/IT Incident","Network Server","No",""
"Clement Manor","WI","Healthcare Provider","500","06/25/2025","Hacking/IT Incident","Network Server","No",""
"McLaren Health Care","MI","Healthcare Provider","743131","06/24/2025","Hacking/IT Incident","Network Server","No",""
"Gardner Orthopedics LLC","FL","Healthcare Provider","47000","06/24/2025","Hacking/IT Incident","Desktop Computer","No",""
"Minneapolis VA Medical Center","MN","Healthcare Provider","1099","06/24/2025","Unauthorized Access/Disclosure","Paper/Films","No",""
"Mainline Health Systems Inc","AR","Healthcare Provider","101104","06/23/2025","Hacking/IT Incident","Network Server","No",""
"Blue Shield of California","CA","Business Associate","673","06/23/2025","Unauthorized Access/Disclosure","Email","Yes",""
"Esse Health ","MO","Healthcare Provider","23671","06/20/2025","Hacking/IT Incident","Network Server","No",""
"Los Angeles County Developmental Services Fdn., Inc. dba Frank D. Lanterman Regional Ctr.","CA","Healthcare Provider","19000","06/20/2025","Hacking/IT Incident","Email","No",""
"Retina Associates of Cleveland, Inc.","OH","Healthcare Provider","3604","06/20/2025","Hacking/IT Incident","Email","No",""
"Harbor","OH","Healthcare Provider","2703","06/20/2025","Hacking/IT Incident","Email","No",""
"Skin Care Specialty Physicians","MD","Healthcare Provider","1038","06/19/2025","Hacking/IT Incident","Email","No",""
"TRG, LLC ","OR","Healthcare Provider","70434","06/18/2025","Hacking/IT Incident","Network Server","Yes",""
"Iron County Medical Center","MO","Healthcare Provider","10239","06/18/2025","Hacking/IT Incident","Email","No",""
"Marquette County Medical Care Facility","OH","Healthcare Provider","1499","06/18/2025","Hacking/IT Incident","Email","No",""
"Winkler County Hospital District","TX","Healthcare Provider","637","06/17/2025","Unauthorized Access/Disclosure","Email","No",""
"Broadwest Specialty Surgical Center","IN","Healthcare Provider","536","06/17/2025","Hacking/IT Incident","Network Server","Yes",""
"Decisely Insurance Services, LLC","GA","Business Associate","84039","06/13/2025","Hacking/IT Incident","Network Server","Yes",""
"Central Kentucky Radiology","KY","Healthcare Provider","166953","06/13/2025","Hacking/IT Incident","Network Server","No",""
"Diversified Services Enterprises","FL","Business Associate","501","06/13/2025","Hacking/IT Incident","Network Server","Yes",""
"Elmore County","ID","Healthcare Provider","931","06/13/2025","Hacking/IT Incident","Email","No",""
"Arkansas Urology Associates PA","AR","Healthcare Provider","642","06/13/2025","Unauthorized Access/Disclosure","Email","No",""
"AltaMed Health Services Corporation","CA","Healthcare Provider","4530","06/13/2025","Unauthorized Access/Disclosure","Email","No",""
"Mount Rogers Community Services","VA","Healthcare Provider","38191","06/13/2025","Hacking/IT Incident","Network Server","No",""
"Kelley Drye & Warren LLP","NY","Business Associate","771","06/12/2025","Hacking/IT Incident","Network Server","Yes",""
"Rural Health Services ","SC","Healthcare Provider","36542","06/12/2025","Hacking/IT Incident","Network Server","No",""
"Clarkston Chiropractic Sports & Wellness","MI","Healthcare Provider","2757","06/11/2025","Hacking/IT Incident","Network Server","Yes",""
"Apex Global Solutions, LLC","NY","Business Associate","14741","06/10/2025","Hacking/IT Incident","Desktop Computer, Laptop","Yes",""
"Repay Management Services, LLC","GA","Health Plan","606","06/10/2025","Hacking/IT Incident","Network Server","Yes",""
"Southern Connecticut Vascular Center, LLC","CT","Healthcare Provider","154417","06/09/2025","Hacking/IT Incident","Network Server","No",""
"Episource, LLC","CA","Business Associate","5418866","06/06/2025","Hacking/IT Incident","Network Server","Yes",""
"Blue Shield of California","CA","Business Associate","1543","06/06/2025","Unauthorized Access/Disclosure","Other","Yes",""
"Sharp Community Medical Group","CA","Healthcare Provider","26976","06/06/2025","Hacking/IT Incident","Network Server","Yes",""
"Public Health Trust of Miami Dade County DBA Jackson Health System","FL","Healthcare Provider","2599","06/06/2025","Unauthorized Access/Disclosure","Electronic Medical Record","No",""
"Sharp HealthCare","CA","Healthcare Provider","500","06/06/2025","Hacking/IT Incident","Network Server","Yes",""
"Huron Regional Medical Center, Inc.","SD","Healthcare Provider","25398","06/06/2025","Hacking/IT Incident","Network Server","No",""
"Centivo Corporation","GA","Business Associate","630","06/06/2025","Unauthorized Access/Disclosure","Email","Yes",""
"NYC Health + Hospitals","NY","Healthcare Provider","5728","06/06/2025","Hacking/IT Incident","Network Server","Yes",""
"Sensata Technologies, Inc. Health and Welfare Benefit Plan","MA","Health Plan","15630","06/05/2025","Hacking/IT Incident","Network Server","No",""
"Jupiter Family Medicine PC","MI","Healthcare Provider","3000","06/05/2025","Unauthorized Access/Disclosure","Paper/Films","No",""
"Renkim Corporation","MI","Business Associate","105518","06/02/2025","Hacking/IT Incident","Network Server","Yes",""
"Cumberland County Hospital Association","KY","Healthcare Provider","36659","06/02/2025","Hacking/IT Incident","Other","No",""
"Upper Dublin Family Dentistry","PA","Healthcare Provider","5000","05/30/2025","Hacking/IT Incident","Network Server","No",""
"CareOregon, Inc.","OR","Health Plan","1786","05/30/2025","Unauthorized Access/Disclosure","Paper/Films","No",""
"Oliver Street Dermatology Management LLC ","TX","Business Associate","13717","05/30/2025","Hacking/IT Incident","Network Server","Yes",""
"Horizon Blue Cross Blue Shield NJ","NJ","Health Plan","781","05/30/2025","Hacking/IT Incident","Network Server","No",""
"Next Step Healthcare LLC","MA","Healthcare Provider","12090","05/30/2025","Hacking/IT Incident","Network Server","No",""
"Missouri Department of Conservation","MO","Health Plan","10260","05/30/2025","Hacking/IT Incident","Network Server","No",""
"Northwestern Community Services Board","VA","Healthcare Provider","21856","05/29/2025","Hacking/IT Incident","Network Server","No",""
"Gateway Community Services, Inc. ","FL","Healthcare Provider","34498","05/29/2025","Hacking/IT Incident","Network Server","No",""
"Erlanger Health","TN","Healthcare Provider","3371","05/28/2025","Hacking/IT Incident","Network Server","Yes",""
"The Smith Institute for Urology","NY","Healthcare Provider","2263","05/28/2025","Unauthorized Access/Disclosure","Desktop Computer","No",""
"Covenant Surgical Partners, Inc.","TX","Business Associate","88609","05/28/2025","Hacking/IT Incident","Network Server","Yes",""
"Mary B. Toporcer, MD, P.C.","PA","Healthcare Provider","501","05/28/2025","Hacking/IT Incident","Email","No",""
"Cahaba Center for Mental Health","AL","Healthcare Provider","501","05/27/2025","Hacking/IT Incident","Email","No",""
"NHPP Physical Medicine and Rehabilitation","NY","Healthcare Provider","1353","05/23/2025","Unauthorized Access/Disclosure","Other","No",""
"Sports Physical Therapy, Occupational Therapy and Rehabilitation Services of the North Shore, P.L.L.C","NY","Healthcare Provider","6195","05/23/2025","Unauthorized Access/Disclosure","Other","No",""
"North Shore University Hospital Sleep Disorders Center","NY","Healthcare Provider","13332","05/23/2025","Unauthorized Access/Disclosure","Other","No",""
"The Cooper Health System","NJ","Healthcare Provider","57412","05/23/2025","Hacking/IT Incident","Network Server","No",""
"Access2Day Health ","LA","Business Associate","4908","05/23/2025","Hacking/IT Incident","Email","Yes",""
"Connections for Kids","ME","Healthcare Provider","938","05/23/2025","Hacking/IT Incident","Email","No",""
"Family Health Services, Inc. ","NE","Business Associate","4040","05/23/2025","Hacking/IT Incident","Network Server","Yes",""
"HopeWay Foundation","NC","Healthcare Provider","3523","05/20/2025","Hacking/IT Incident","Email","No",""
"Instituto de Ojos de Puerto Rico","","Healthcare Provider","50000","05/19/2025","Hacking/IT Incident","Network Server","No",""
"Community Hospital of Anaconda","MT","Healthcare Provider","21243","05/19/2025","Hacking/IT Incident","Network Server","No",""
"Insulet Corporation","MA","Healthcare Provider","841","05/16/2025","Unauthorized Access/Disclosure","Network Server","No",""
"Mercy Surgical Dressing Group, Inc.","PA","Business Associate","4159","05/16/2025","Hacking/IT Incident","Network Server","Yes",""
"Compassion Health Care, Inc.","NC","Healthcare Provider","23282","05/16/2025","Hacking/IT Incident","Network Server","No",""
"Harbin Clinic, LLC","GA","Healthcare Provider","176149","05/16/2025","Hacking/IT Incident","Network Server","Yes",""
"Weiser Valley Hospital District dba Weiser Memorial Hospital","ID","Healthcare Provider","59990","05/15/2025","Hacking/IT Incident","Network Server","No",""
"HopeHealth, Inc.","SC","Healthcare Provider","5823","05/15/2025","Hacking/IT Incident","Network Server","No",""
"CareNexa, LLC, doing business as Molecular Testing Labs","WA","Healthcare Provider","7711","05/15/2025","Hacking/IT Incident","Network Server","Yes",""
"Hunter Health Clinic","KS","Healthcare Provider","28431","05/15/2025","Hacking/IT Incident","Email","No",""
"Anne Arundel County Department of Health","MD","Healthcare Provider","500","05/15/2025","Hacking/IT Incident","Network Server","No",""
"Doctors Hospital at Renaissance, LTD","TX","Healthcare Provider","501","05/15/2025","Hacking/IT Incident","Network Server","No",""
"Union County Children and Youth Services","PA","Healthcare Provider","501","05/13/2025","Hacking/IT Incident","Network Server","No",""
"CVS Caremark ","RI","Business Associate","2599","05/13/2025","Unauthorized Access/Disclosure","Paper/Films","Yes",""
"Washington Gastroenterology","WA","Healthcare Provider","501","05/09/2025","Hacking/IT Incident","Network Server","No",""
"Blue Cross Blue Shield of Texas","IL","Business Associate","593","05/09/2025","Unauthorized Access/Disclosure","Paper/Films","Yes",""
"THE CARING HEALTHCARE NETWORK, LLC","PA","Healthcare Provider","1019","05/09/2025","Unauthorized Access/Disclosure","Paper/Films","No",""
"Tri-City Cardiology Consultants, P.C.","AZ","Healthcare Provider","22753","05/08/2025","Hacking/IT Incident","Network Server","No",""
"Allied Services Division Welfare Fund","IL","Health Plan","5727","05/07/2025","Hacking/IT Incident","Email","No",""
"The Carpenter Health Network","LA","Healthcare Provider","878","05/06/2025","Hacking/IT Incident","Network Server","No",""
"SunLink Health Systems, Inc.","GA","Healthcare Provider","2856","05/06/2025","Hacking/IT Incident","Network Server","Yes",""
"Minnesota Orthodontics and Dentofacial Orthopedics, P.A.","MN","Healthcare Provider","501","05/05/2025","Hacking/IT Incident","Network Server","No",""
"Monongalia Health System, Inc.","WV","Healthcare Provider","4895","05/03/2025","Unauthorized Access/Disclosure","Email","No",""
"CardioVascular Health Clinic","OK","Healthcare Provider","501","05/03/2025","Hacking/IT Incident","Network Server","No",""
"Absolute Dental Group, LLC","NV","Business Associate","501","05/02/2025","Hacking/IT Incident","Network Server","Yes",""
"DermCare Management","FL","Business Associate","501","05/02/2025","Hacking/IT Incident","Network Server","Yes",""
"Anesthesia Associates of Morristown, P.A.","NJ","Healthcare Provider","34675","05/02/2025","Improper Disposal","Paper/Films","Yes",""
"Shelby Dermatology d.b.a Dermatologists of Birmingham","AL","Healthcare Provider","86414","05/02/2025","Hacking/IT Incident","Network Server","No",""
"Sonrisas Dental Health","CA","Healthcare Provider","15644","05/02/2025","Hacking/IT Incident","Network Server","No",""
"Canby Clinic","OR","Healthcare Provider","549","04/30/2025","Unauthorized Access/Disclosure","Email","No",""
"Berkeley Research Group, LLC","CA","Business Associate","500","04/30/2025","Hacking/IT Incident","Network Server","Yes",""
"Family Christian Health Center ","IL","Healthcare Provider","12500","04/30/2025","Hacking/IT Incident","Network Server","No",""
"Physician Wound Solutions, LLC dba Apollo Medical Supply","FL","Healthcare Provider","3561","04/29/2025","Unauthorized Access/Disclosure","Network Server","Yes",""
"Ascension Health","MO","Healthcare Provider","437329","04/28/2025","Hacking/IT Incident","Network Server","No",""
"Maximus, Inc.","VA","Business Associate","4529","04/25/2025","Unauthorized Access/Disclosure","Network Server","Yes",""
"Carlton County Public Health and Human Services","MN","Healthcare Provider","3502","04/25/2025","Hacking/IT Incident","Email","No",""
"Brainard Surgery Center LLC","OH","Healthcare Provider","501","04/24/2025","Hacking/IT Incident","Network Server","No",""
"Palo Verde Hospital","CA","Healthcare Provider","594","04/24/2025","Hacking/IT Incident","Network Server","No",""
"Drug and Alcohol Treatment Services, Inc.","PA","Healthcare Provider","22215","04/24/2025","Hacking/IT Incident","Network Server","No",""
"Cache Valley Ear Nose & Throat ","UT","Healthcare Provider","26469","04/24/2025","Hacking/IT Incident","Network Server","No",""
"Orthopaedic Specialists of Connecticut","CT","Healthcare Provider","22541","04/23/2025","Hacking/IT Incident","Network Server","No",""
"Marc Irwin Sharfman, M.D., P.A.","FL","Healthcare Provider","650","04/23/2025","Hacking/IT Incident","Network Server","Yes",""
"Icon Family Healthcare LLC","CA","Healthcare Provider","1800","04/22/2025","Unauthorized Access/Disclosure","Email","No",""
"Onsite Mammography","MA","Business Associate","357265","04/21/2025","Hacking/IT Incident","Email","Yes",""
"90 Degree Benefits, Inc. – St. Paul","WI","Business Associate","1268","04/18/2025","Hacking/IT Incident","Email","Yes",""
"Cardiology Associates of Fredericksburg","VA","Healthcare Provider","75476","04/17/2025","Hacking/IT Incident","Network Server","No",""
"HEALTH AND WELLNESS OF TEXAS","TX","Healthcare Provider","500","04/16/2025","Unauthorized Access/Disclosure","Electronic Medical Record, Email","No",""
"Recovery Epicenter Foundation","FL","Healthcare Provider","800","04/16/2025","Unauthorized Access/Disclosure","Network Server","No",""
"Thrive Physical Therapy Partners","IL","Business Associate","986","04/16/2025","Hacking/IT Incident","Email","Yes",""
"Thrive Physical Therapy Partners","IL","Business Associate","3403","04/16/2025","Hacking/IT Incident","Email","Yes",""
"Magnolia Manor Inc.","GA","Healthcare Provider","960","04/15/2025","Hacking/IT Incident","Network Server","No",""
"The City of Long Beach, CA","CA","Healthcare Provider","258191","04/14/2025","Hacking/IT Incident","Network Server","No",""
"Bell Ambulance, Inc.","WI","Healthcare Provider","114000","04/14/2025","Hacking/IT Incident","Network Server","No",""
"AHS Sherman LLC dba AHS Sherman Medical Center","TX","Healthcare Provider","908","04/14/2025","Unauthorized Access/Disclosure","Email","No",""
"Health Care Service Corporation","IL","Health Plan","2944","04/13/2025","Unauthorized Access/Disclosure","Other","No",""
"Blue Cross and Blue Shield of Texas","IL","Health Plan","12086","04/13/2025","Unauthorized Access/Disclosure","Other","No",""
"Blue Cross and Blue Shield of Oklahoma","IL","Health Plan","1020","04/13/2025","Unauthorized Access/Disclosure","Other","No",""
"Blue Cross and Blue Shield of Illinois","IL","Health Plan","6903","04/13/2025","Unauthorized Access/Disclosure","Other","No",""
"Summit Healthcare Medical Associates","AZ","Healthcare Provider","1861","04/11/2025","Unauthorized Access/Disclosure","Electronic Medical Record","No",""
"Whitman County Public Hospital District No. 3","WA","Healthcare Provider","63453","04/11/2025","Hacking/IT Incident","Network Server","No",""
"Altior Healthcare, LLC","CA","Healthcare Provider","1002","04/11/2025","Hacking/IT Incident","Email","No",""
"Endue Software","ME","Business Associate","118028","04/11/2025","Hacking/IT Incident","Network Server","Yes",""
"The Gatesworth Senior Living St. Louis","MO","Healthcare Provider","31124","04/11/2025","Hacking/IT Incident","Network Server","No",""
"Parc Provence Memory Care Facility","MO","Healthcare Provider","13954","04/11/2025","Hacking/IT Incident","Network Server","No",""
"Jacksonville Medical Care ","AR","Healthcare Provider","6262","04/10/2025","Hacking/IT Incident","Network Server","No",""
"Cabot Medical Care ","AR","Healthcare Provider","21467","04/10/2025","Hacking/IT Incident","Network Server","No",""
"Kelly & Associates Insurance Group, Inc. ","MD","Business Associate","553332","04/09/2025","Hacking/IT Incident","Network Server","Yes",""
"Blue Shield of California","CA","Business Associate","4700000","04/09/2025","Hacking/IT Incident","Network Server","Yes",""
"Alabama Ophthalmology Associates","AL","Healthcare Provider","131576","04/08/2025","Hacking/IT Incident","Desktop Computer, Network Server","No",""
"Friendship House, Inc.","NE","Healthcare Provider","501","04/04/2025","Hacking/IT Incident","Network Server","No",""
"Loretto Hospital ","IL","Healthcare Provider","501","04/04/2025","Hacking/IT Incident","Network Server","No",""
"Newburgh Healthcare Residential Center, Inc.","IN","Healthcare Provider","700","04/04/2025","Hacking/IT Incident","Network Server","No",""
"Dallas County MHMR dba Metrocare Services","TX","Healthcare Provider","553","04/03/2025","Unauthorized Access/Disclosure","Email, Network Server","No",""
"Hamilton County Government","TN","Healthcare Provider","14081","04/03/2025","Hacking/IT Incident","Network Server","Yes",""
"Dameron Hospital","CA","Healthcare Provider","210706","04/02/2025","Hacking/IT Incident","Network Server","No",""
"Allegany Council on Alcoholism & Substance Abuse, Inc.","NY","Healthcare Provider","696","04/02/2025","Hacking/IT Incident","Email","No",""
"True Dental Care For Kids and Adults LLC","PA","Healthcare Provider","17640","04/02/2025","Hacking/IT Incident","Network Server","No",""
"Health Services LLC","OH","Healthcare Provider","75906","04/01/2025","Hacking/IT Incident","Network Server","No",""
"Gardner Health Services","CA","Healthcare Provider","26000","04/01/2025","Unauthorized Access/Disclosure","Paper/Films","Yes",""
"Central District Health Department of Nebraska","NE","Healthcare Provider","58519","04/01/2025","Hacking/IT Incident","Network Server","No",""
"Family Centers, Inc.","CT","Healthcare Provider","501","03/31/2025","Hacking/IT Incident","Network Server","No",""
"Black Hills Regional Eye Institute","SD","Healthcare Provider","106763","03/31/2025","Hacking/IT Incident","Network Server","No",""
"North Hudson Community Action Corporation","NJ","Healthcare Provider","501","03/28/2025","Hacking/IT Incident","Network Server","No",""
"Community Dental Care, Inc.  ","MN","Healthcare Provider","134903","03/28/2025","Hacking/IT Incident","Network Server","No",""
"Mayo Clinic","MN","Healthcare Provider","1869","03/28/2025","Unauthorized Access/Disclosure","Email","No",""
"Frederick Health","MD","Healthcare Provider","934326","03/28/2025","Hacking/IT Incident","Network Server","No",""
"SimonMed Imaging","AZ","Healthcare Provider","500","03/27/2025","Hacking/IT Incident","Network Server","No",""
"Mercer County Joint Township Community Hospital","OH","Healthcare Provider","88541","03/26/2025","Hacking/IT Incident","Network Server","No",""
"Western Wayne Family Physicians ","MI","Healthcare Provider","62000","03/26/2025","Hacking/IT Incident","Network Server","No",""
"Concord Orthopaedics","NH","Healthcare Provider","72815","03/25/2025","Hacking/IT Incident","Network Server","No",""
"Bigfork Valley Hospital","MN","Healthcare Provider","8496","03/25/2025","Hacking/IT Incident","Email","No",""
"MedicareCompareUSA","WA","Business Associate","5782","03/21/2025","Hacking/IT Incident","Email","Yes",""
"Mid Florida Primary Care, PA ","FL","Healthcare Provider","16435","03/21/2025","Hacking/IT Incident","Network Server","No",""
"AmeriHealth Caritas Louisiana ","LA","Health Plan","1552","03/21/2025","Unauthorized Access/Disclosure","Network Server, Other","No",""
"Millennium Home Health Care","OK","Healthcare Provider","4743","03/19/2025","Hacking/IT Incident","Network Server","No",""
"Pinehurst Radiology Associates","NC","Healthcare Provider","8682","03/19/2025","Hacking/IT Incident","Network Server","No",""
"The Pavilion at HealthPark, LLC dba Park Royal Hospital","FL","Healthcare Provider","9349","03/18/2025","Hacking/IT Incident","Email","No",""
"Dove Healthcare","WI","Healthcare Provider","16255","03/18/2025","Hacking/IT Incident","Network Server","No",""
"Presbyterian Health Plan","NM","Health Plan","7100","03/18/2025","Hacking/IT Incident","Email","No",""
"Heart to Heart Hospice Holdings, LLC","TX","Healthcare Provider","19034","03/18/2025","Hacking/IT Incident","Network Server","No",""
"Lena Pope Home Inc.","TX","Healthcare Provider","3523","03/17/2025","Hacking/IT Incident","Email","No",""
"Klickitat Valley Health","WA","Healthcare Provider","26339","03/14/2025","Hacking/IT Incident","Network Server","No",""
"Welts, White, & Fontaine PC","NH","Business Associate","500","03/14/2025","Hacking/IT Incident","Network Server","Yes",""
"CDHA Management, LLC and Spark DSO, LLC dba Chord Specialty Dental Partners","TN","Healthcare Provider","173430","03/14/2025","Hacking/IT Incident","Email","No",""
"Baylor Scott & White Texas Spine & Joint Hospital","TX","Healthcare Provider","1640","03/14/2025","Hacking/IT Incident","Email","No",""
"Columbia Eye Clinic ","SC","Healthcare Provider","500","03/14/2025","Hacking/IT Incident","Network Server","No",""
"Topy America Inc.","KY","Health Plan","1827","03/14/2025","Hacking/IT Incident","Network Server","No",""
"PACE Greater New Orleans","LA","Healthcare Provider","715","03/13/2025","Unauthorized Access/Disclosure","Email","No",""
"OCH Regional Medical Center, MS","MS","Healthcare Provider","51266","03/11/2025","Unauthorized Access/Disclosure","Other","No",""
"Nice Healthcare Management Company, Inc","MN","Healthcare Provider","10000","03/10/2025","Hacking/IT Incident","Network Server","Yes",""
"Vision Upright MRI","CA","Healthcare Provider","23031","03/10/2025","Unauthorized Access/Disclosure","Network Server","No",""
"SCLARC","CA","Business Associate","722","03/06/2025","Theft","Laptop, Other Portable Electronic Device, Paper/Films","Yes",""
"Madison County, MS ","MS","Health Plan","6082","03/05/2025","Hacking/IT Incident","Email","No",""
"Hillcrest Convalescent Center, Inc. ","NC","Healthcare Provider","106194","03/04/2025","Hacking/IT Incident","Network Server","No",""
"Liberty Resources, Inc.","NY","Healthcare Provider","103711","03/04/2025","Hacking/IT Incident","Network Server","No",""
"Manchester Rehabilitation and Healthcare Center","CT","Healthcare Provider","5415","03/03/2025","Hacking/IT Incident","Network Server","No",""
"Community Care Alliance","RI","Healthcare Provider","114975","03/01/2025","Hacking/IT Incident","Network Server","No",""
"Blue Shield of California ","CA","Health Plan","624","02/28/2025","Unauthorized Access/Disclosure","Electronic Medical Record","No",""
"Total Medical Imaging ","FL","Healthcare Provider","27000","02/28/2025","Unauthorized Access/Disclosure","Network Server","Yes",""
"Southeast Series of Lockton Companies, LLC (Lockton)","GA","Business Associate","1124727","02/28/2025","Hacking/IT Incident","Network Server","Yes",""
"Kronick Moskovitz Tiedemann & Girard","CA","Business Associate","2511","02/28/2025","Hacking/IT Incident","Network Server","Yes",""
"Legacy Professionals, LLP","IL","Business Associate","216752","02/28/2025","Hacking/IT Incident","Network Server","Yes",""
"CEI Vision Partners, LLC","MO","Business Associate","10841","02/28/2025","Hacking/IT Incident","Network Server","Yes",""
"NVW Newco, LLC ","AZ","Healthcare Provider","3232","02/28/2025","Unauthorized Access/Disclosure","Email","No",""
"East Hawaii Rehab, Inc. DBA Lehua Physical Therapy and Rehab","HI","Healthcare Provider","8472","02/28/2025","Theft","Other, Other Portable Electronic Device, Paper/Films","No",""
"Carolina Arthritis Associates","NC","Healthcare Provider","36961","02/27/2025","Hacking/IT Incident","Network Server","No",""
"Palmetto Operating LLC d/b/a Palmetto Subacute Care Center (‘Palmetto’)","FL","Healthcare Provider","2746","02/26/2025","Unauthorized Access/Disclosure","Electronic Medical Record","Yes",""
"Lake Washington Vascular","WA","Healthcare Provider","21534","02/25/2025","Hacking/IT Incident","Network Server","No",""
"Artistic Family Dental","IN","Healthcare Provider","3915","02/25/2025","Hacking/IT Incident","Network Server","No",""
"Consultants in Pain Medicine","TX","Healthcare Provider","1124","02/16/2025","Hacking/IT Incident","Network Server","No",""
"Spring Management OK, LLC","OK","Business Associate","2494","02/14/2025","Hacking/IT Incident","Network Server","Yes",""
"Restorix Health, Inc.","LA","Business Associate","38553","02/14/2025","Unauthorized Access/Disclosure","Email","Yes",""
"Cornerstones of Care","MO","Healthcare Provider","2771","02/14/2025","Hacking/IT Incident","Email","No",""
"CDS in Texas","TX","Healthcare Provider","566","02/14/2025","Unauthorized Access/Disclosure","Email","No",""
"Children's Dental Center at Preston Trail, P.C. d/b/a Park Place Pediatric Dentistry (Arlington, TX) ","TN","Healthcare Provider","1690","02/14/2025","Theft","Laptop","No",""
"Somnia, Inc.","NY","Business Associate","19069","02/14/2025","Hacking/IT Incident","Email","Yes",""
"UNITED BACKCARE PS dba Pacific Rehabilitation Centers","WA","Healthcare Provider","18900","02/11/2025","Hacking/IT Incident","Network Server","No",""
"New Era Life Insurance Companies","TX","Health Plan","335506","02/11/2025","Hacking/IT Incident","Network Server","No",""
"Columbus Division of Fire","OH","Healthcare Provider","736","02/10/2025","Hacking/IT Incident","Network Server","No",""
"CPS Solutions, LLC","OH","Business Associate","500","02/10/2025","Hacking/IT Incident","Email","Yes",""
"Authority of the City of Bainbridge and Decatur County (“Memorial Hospital & Manor”)","GA","Healthcare Provider","120085","02/08/2025","Hacking/IT Incident","Network Server","No",""
"Blue & Co., LLC","IN","Business Associate","2787","02/07/2025","Hacking/IT Incident","Network Server","Yes",""
"U.S. HEALTHWORKS-SMMPP, L.C.","AZ","Business Associate","10673","02/06/2025","Hacking/IT Incident","Network Server","Yes",""
"Primary Health-SMMPP, L.C.","AZ","Business Associate","67567","02/06/2025","Hacking/IT Incident","Network Server","Yes",""
"St. Marys NDS LLC","AZ","Business Associate","11715","02/06/2025","Hacking/IT Incident","Network Server","Yes",""
"VectraRx Mail Pharmacy Services, LLC","AZ","Healthcare Provider","109383","02/06/2025","Hacking/IT Incident","Network Server","No",""
"City of McKinney","TX","Health Plan","17751","02/03/2025","Unauthorized Access/Disclosure","Network Server","No",""
"ARC Community Services, Inc.","WI","Healthcare Provider","501","02/02/2025","Hacking/IT Incident","Network Server","No",""
"Primary Health Services Center, Inc.","LA","Healthcare Provider","17202","02/02/2025","Hacking/IT Incident","Network Server","No",""
"Regence BlueShield","OR","Business Associate","783","01/31/2025","Unauthorized Access/Disclosure","Network Server","Yes",""
"Mental Health Association Inc. ","MA","Healthcare Provider","12633","01/31/2025","Unauthorized Access/Disclosure","Network Server","No",""
"Methodist Homes of Alabama and Northwest Florida","AL","Healthcare Provider","908","01/30/2025","Hacking/IT Incident","Network Server","No",""
"ZI NEUROSCIENCES","NJ","Healthcare Provider","1000","01/30/2025","Unauthorized Access/Disclosure","Other, Paper/Films","No",""
"Community Health Center, Inc.","CT","Healthcare Provider","1060936","01/30/2025","Hacking/IT Incident","Electronic Medical Record, Network Server","No",""
"Cardiology of Virginia, Inc. ","VA","Healthcare Provider","21085","01/28/2025","Hacking/IT Incident","Network Server","No",""
"Spring River Mental Health & Wellness","KS","Healthcare Provider","3250","01/24/2025","Hacking/IT Incident","Network Server","No",""
"OrthoMinds, LLC","GA","Business Associate","501","01/24/2025","Hacking/IT Incident","Network Server","Yes",""
"Benefits Management Group, Inc. ","IL","Business Associate","501","01/24/2025","Hacking/IT Incident","Network Server","Yes",""
"Aprendamos Intervention Team, P.A.","NM","Healthcare Provider","1916","01/23/2025","Unauthorized Access/Disclosure","Email","No",""
"Inlet Health dba Communicare ","KY","Healthcare Provider","3771","01/22/2025","Hacking/IT Incident","Network Server","No",""
"Apex Custom Software","TX","Business Associate","1500","01/22/2025","Hacking/IT Incident","Network Server","Yes",""
"University Diagnostic Medical Imaging, PC","NY","Healthcare Provider","138080","01/21/2025","Hacking/IT Incident","Network Server","No",""
"Holdrege Memorial Homes, Inc. ","NE","Healthcare Provider","1446","01/20/2025","Hacking/IT Incident","Network Server","No",""
"Behavioral Health Resources","WA","Healthcare Provider","49213","01/17/2025","Hacking/IT Incident","Network Server","No",""
"Allegheny Health Network Home Medical Equipment LLC and Allegheny Health Network Home Infusion LLC","PA","Healthcare Provider","292773","01/17/2025","Hacking/IT Incident","Network Server","Yes",""
"Asheville Eye Associates, PLLC","NC","Healthcare Provider","204984","01/17/2025","Hacking/IT Incident","Network Server","No",""
"Texas Health and Human Services Commission","TX","Health Plan","61104","01/16/2025","Unauthorized Access/Disclosure","Desktop Computer, Laptop","No",""
"Community Treatment Solutions","NJ","Healthcare Provider","950","01/16/2025","Hacking/IT Incident","Network Server","No",""
"Alliant Health Plans","GA","Health Plan","695","01/16/2025","Unauthorized Access/Disclosure","Paper/Films","No",""
"Mid America Physician Services ","KS","Healthcare Provider","104513","01/13/2025","Hacking/IT Incident","Network Server","No",""
"Newport Harbor Pathology Medical Group, Inc.","CA","Healthcare Provider","119341","01/10/2025","Hacking/IT Incident","Network Server","No",""
"Samaritan Counseling Center of the Fox Valley","WI","Healthcare Provider","956","01/10/2025","Hacking/IT Incident","Email","No",""
"BayMark Health Services, Inc.","TX","Business Associate","3170","01/08/2025","Hacking/IT Incident","Network Server","Yes",""
"McNall & Associates, P.C.","AK","Business Associate","10175","01/08/2025","Hacking/IT Incident","Network Server","Yes",""
"Eastern Idaho Public Health","ID","Healthcare Provider","759","01/07/2025","Unauthorized Access/Disclosure","Electronic Medical Record","No",""
"Medusind Inc.","FL","Business Associate","701475","01/07/2025","Hacking/IT Incident","Network Server","Yes",""
"DentaQuest","WI","Health Plan","868","01/06/2025","Unauthorized Access/Disclosure","Paper/Films","No",""
"Pediatric Home Respiratory Services, LLC d/b/a Pediatric Home Service","MN","Healthcare Provider","41792","01/06/2025","Hacking/IT Incident","Network Server","No",""
"North Los Angeles County Regional Center","CA","Business Associate","500","01/06/2025","Hacking/IT Incident","Network Server","Yes",""
"Ingham County Medical Care Facility, d/b/a Dobie Road","MI","Healthcare Provider","3078","01/05/2025","Hacking/IT Incident","Electronic Medical Record","Yes",""
"Buffalo Surgery Center","NY","Healthcare Provider","64000","01/04/2025","Hacking/IT Incident","Network Server","No",""
"The Plastic Surgery Center","NJ","Healthcare Provider","64813","01/03/2025","Hacking/IT Incident","Network Server","No",""
"Watsonville Community Hospital","CA","Healthcare Provider","30312","12/31/2024","Hacking/IT Incident","Network Server","No",""
"Legacy Treatment Services, Inc.","NJ","Healthcare Provider","29898","12/31/2024","Hacking/IT Incident","Network Server","No",""
"Tycon Medical Systems, Inc.","VA","Healthcare Provider","112847","12/30/2024","Hacking/IT Incident","Network Server","No",""
"Youngs Counseling, PLLC","TX","Healthcare Provider","790","12/30/2024","Unauthorized Access/Disclosure","Email","No",""
"Omaha Surgical Center","NE","Healthcare Provider","1110","12/30/2024","Hacking/IT Incident","Email","No",""
"Dragonfly Health","AZ","Business Associate","501","12/27/2024","Hacking/IT Incident","Email","Yes",""
"Polaris Endeavors","FL","Healthcare Provider","4552","12/24/2024","Hacking/IT Incident","Network Server","No",""
"Khalil Foundation (DBA Khalil Center)","IL","Healthcare Provider","1153","12/22/2024","Unauthorized Access/Disclosure","Network Server","No",""
"Effortless Office Enterprises, LLC","NV","Business Associate","3112","12/20/2024","Hacking/IT Incident","Network Server","Yes",""
"In-Home Attendant Services Ltd.","TX","Healthcare Provider","22000","12/20/2024","Hacking/IT Incident","Network Server","No",""
"HealthEquity, Inc.","UT","Business Associate","1549","12/20/2024","Hacking/IT Incident","Network Server","Yes",""
"Youth Eastside Services","WA","Healthcare Provider","23492","12/20/2024","Hacking/IT Incident","Network Server","No",""
"BCBS of TX","IL","Health Plan","1028","12/20/2024","Unauthorized Access/Disclosure","Paper/Films","No",""
"Richmond University Medical Center","NY","Healthcare Provider","674033","12/19/2024","Hacking/IT Incident","Network Server","No",""
"Golden Age Home Health Inc.","OK","Healthcare Provider","2280","12/18/2024","Hacking/IT Incident","Network Server","No",""
"CHCM, Inc. dba College Hospital Costa Mesa","CA","Healthcare Provider","38695","12/18/2024","Hacking/IT Incident","Network Server","No",""
"PracticeSuite, Inc.","FL","Business Associate","13000","12/17/2024","Hacking/IT Incident","Network Server","Yes",""
"Regional Care, Inc.","NE","Healthcare Clearing House","225728","12/17/2024","Hacking/IT Incident","Network Server","No",""
"California Correctional Health Care Services ","CA","Healthcare Provider","1416","12/17/2024","Loss","Paper/Films","No",""
"Kitsap Mental Health Services","WA","Healthcare Provider","500","12/16/2024","Hacking/IT Incident","Network Server","No",""
"Teton Orthopaedics","PA","Healthcare Provider","13409","12/16/2024","Hacking/IT Incident","Network Server","No",""
"Summit Medical Group, PLLC","TN","Healthcare Provider","464159","12/13/2024","Hacking/IT Incident","Email","No",""
"Northwest Asthma and Allergy Center","WA","Healthcare Provider","1000","12/12/2024","Hacking/IT Incident","Email","No",""
"El Paso Healthcare System, Ltd. d/b/a Las Palmas Del Sol Healthcare","TX","Healthcare Provider","1854","12/11/2024","Unauthorized Access/Disclosure","Electronic Medical Record","No",""
"Community Connections ","DC","Healthcare Provider","18949","12/11/2024","Hacking/IT Incident","Network Server","No",""
"River Region Cardiology","AL","Healthcare Provider","48600","12/11/2024","Hacking/IT Incident","Network Server","No",""
"Rumpke Consolidated Companies, Inc. & Affiliates Benefits Plan","OH","Health Plan","16946","12/10/2024","Hacking/IT Incident","Network Server","No",""
"SAG-AFTRA Health Plan","CA","Health Plan","98474","12/02/2024","Hacking/IT Incident","Email","No",""
"Atrium Health","NC","Healthcare Provider","585959","12/02/2024","Unauthorized Access/Disclosure","Network Server","No",""
"Texas Tech University Health Sciences Center El Paso","TX","Healthcare Provider","815000","11/25/2024","Hacking/IT Incident","Network Server","No",""
"Texas Tech University Health Sciences Center","TX","Healthcare Provider","650000","11/25/2024","Hacking/IT Incident","Network Server","No",""
"Citadel of Northbrook","IL","Healthcare Provider","2155","11/25/2024","Hacking/IT Incident","Electronic Medical Record, Network Server","Yes",""
"American Addiction Centers, Inc.","TN","Business Associate","410747","11/25/2024","Hacking/IT Incident","Network Server","Yes",""
"Conceptions Reproductive Associates of Colorado","CO","Healthcare Provider","80000","11/25/2024","Hacking/IT Incident","Network Server","No",""
"Lubbock County Hospital District","TX","Healthcare Provider","1461776","11/22/2024","Hacking/IT Incident","Network Server","No",""
"East Central Missouri Behavioral Health Services, Inc.","MO","Healthcare Provider","20000","11/21/2024","Hacking/IT Incident","Network Server","No",""
"York County ","PA","Healthcare Provider","841","11/20/2024","Hacking/IT Incident","Email","No",""
"Laboratory Services Cooperative ","WA","Healthcare Provider","501","11/20/2024","Hacking/IT Incident","Network Server","No",""
"AuthoraCare Collective","NC","Healthcare Provider","57944","11/19/2024","Unauthorized Access/Disclosure","Network Server","No",""
"Terrace of Hialeah","FL","Healthcare Provider","1177","11/18/2024","Hacking/IT Incident","Network Server","Yes",""
"Dolton Nursing & Rehab, LLC","IL","Healthcare Provider","1559","11/18/2024","Hacking/IT Incident","Electronic Medical Record, Network Server","Yes",""
"HealthFund Solutions, LLC","FL","Business Associate","5198","11/15/2024","Hacking/IT Incident","Email","Yes",""
"ESHA, Inc.","TX","Business Associate","76922","11/15/2024","Hacking/IT Incident","Network Server","Yes",""
"Maternal Fetal Medicine Associates, PLLC, Carnegie Hill Imaging for Women, and Carnegie Women’s Health (collectively, “the Practices”)","NY","Healthcare Provider","501","11/15/2024","Hacking/IT Incident","Network Server","No",""
"VPS of MI PLLC","MI","Healthcare Provider","20604","11/15/2024","Hacking/IT Incident","Network Server","No",""
"ASPEN HEALTHCARE SERVICES INC","TX","Healthcare Provider","7195","11/15/2024","Hacking/IT Incident","Electronic Medical Record","No",""
"Western Montana Mental Health Center","MT","Healthcare Provider","86758","11/14/2024","Hacking/IT Incident","Network Server","No",""
"Physicians' Primary Care of Southwest Florida","FL","Healthcare Provider","500","11/14/2024","Hacking/IT Incident","Network Server","No",""
"Rocky Mountain Gastroenterology Associates PLLC ","CO","Healthcare Provider","366491","11/13/2024","Hacking/IT Incident","Network Server","No",""
"Radiologic Medical Services, P.C.","IA","Healthcare Provider","56902","11/12/2024","Hacking/IT Incident","Email","No",""
"Humboldt Independent Practice Association (Humboldt IPA)","CA","Healthcare Provider","500","11/11/2024","Hacking/IT Incident","Email","No",""
"United Seating and Mobility, LLC dba Numotion","TN","Healthcare Provider","2319","11/11/2024","Hacking/IT Incident","Email","No",""
"Mid-Minnesota Management Services d/b/a Central Resources","IL","Business Associate","1232","11/08/2024","Unauthorized Access/Disclosure","Other","Yes",""
"Huron Inc. Health Plan","MI","Health Plan","750","11/08/2024","Unauthorized Access/Disclosure","Network Server","No",""
"South West Family Medicine Associates, PA ","TX","Healthcare Provider","36959","11/07/2024","Hacking/IT Incident","Network Server","No",""
"Great Plains Regional Medical Center","OK","Healthcare Provider","133149","11/07/2024","Hacking/IT Incident","Network Server","No",""
"Oklahoma Spine Hospital","OK","Healthcare Provider","38945","11/05/2024","Hacking/IT Incident","Email","No",""
"Thompson Coburn LLP","MO","Business Associate","305088","11/04/2024","Hacking/IT Incident","Network Server","Yes",""
"Mohawk Valley Cardiology, P.C.","NY","Healthcare Provider","4973","11/04/2024","Unauthorized Access/Disclosure","Other","No",""
"Mid-Ohio Psychological Services Inc.","OH","Healthcare Provider","40345","11/01/2024","Unauthorized Access/Disclosure","Network Server","No",""
"Northeast Professional Home Care, Inc.","OH","Healthcare Provider","648","11/01/2024","Hacking/IT Incident","Email","No",""
"Brain & Eye Connection Vision Clinic, PC","OK","Healthcare Provider","2207","11/01/2024","Hacking/IT Incident","Network Server","No",""
"Kaiser Foundation Hospitals","CA","Healthcare Provider","44600","11/01/2024","Hacking/IT Incident","Email","No",""
"Rockford Gastroenterology Associates ","IL","Healthcare Provider","147253","10/30/2024","Hacking/IT Incident","Network Server","No",""
"Family Medical Center","MD","Healthcare Provider","2100","10/29/2024","Hacking/IT Incident","Network Server","No",""
"Boatright Inc.","IN","Healthcare Provider","746","10/29/2024","Hacking/IT Incident","Email","No",""
"Hawaii Radiologic Associates, Ltd. ","HI","Healthcare Provider","23205","10/25/2024","Hacking/IT Incident","Network Server","No",""
"St. Anthony Regional Hospital","IA","Healthcare Provider","501","10/25/2024","Hacking/IT Incident","Network Server","No",""
"Gandara Mental Health Center ","MA","Healthcare Provider","20024","10/24/2024","Hacking/IT Incident","Network Server","No",""
"Northeast Spine and Sports Medicine, LLC","NJ","Healthcare Provider","6300","10/24/2024","Hacking/IT Incident","Network Server","No",""
"Positive Behavior Supports Corporation","FL","Healthcare Provider","2247","10/24/2024","Hacking/IT Incident","Network Server","No",""
"Mystic Valley Elder Services - Business Associate","MA","Business Associate","2402","10/22/2024","Hacking/IT Incident","Network Server","Yes",""
"Arkansas Blue Cross and Blue Shield","AR","Health Plan","633","10/22/2024","Hacking/IT Incident","Network Server","Yes",""
"Smiles in the Pines","NC","Healthcare Provider","1800","10/21/2024","Unauthorized Access/Disclosure","Desktop Computer, Electronic Medical Record, Email, Other Portable Electronic Device, Paper/Films","No",""
"Clay Platte Family Medicine","MO","Healthcare Provider","53916","10/18/2024","Hacking/IT Incident","Network Server","No",""
"Advanced Recovery Equipment & Supplies, LLC","NY","Healthcare Provider","56000","10/18/2024","Hacking/IT Incident","Network Server","No",""
"Detroit Wayne Integrated Health Network","MI","Healthcare Provider","3347","10/18/2024","Hacking/IT Incident","Laptop","No",""
"RRCA Accounts Management Inc.","IL","Business Associate","115837","10/18/2024","Hacking/IT Incident","Desktop Computer, Network Server","Yes",""
"Summit Pathology and Summit Pathology Laboratories, Inc.","CO","Healthcare Provider","1813538","10/18/2024","Hacking/IT Incident","Network Server","No",""
"Valleygate Dental Surgery Centers of Charlotte, Fayetteville, and the West, LLC.","NC","Healthcare Provider","14589","10/17/2024","Hacking/IT Incident","Network Server","No",""
"Jacksonville Children's Multispecialty Clinics/Atlantic Medical Management ","NC","Healthcare Provider","2224","10/17/2024","Unauthorized Access/Disclosure","Email","No",""
"Tri County Medical Supply And Respiratory Services Inc.","AR","Healthcare Provider","8000","10/16/2024","Improper Disposal","Paper/Films","No",""
"Ad Valorem Records, Inc. ","TN","Business Associate","590","10/11/2024","Unauthorized Access/Disclosure","Paper/Films","Yes",""
"Wilmington Community Clinic","CA","Healthcare Provider","11601","10/11/2024","Hacking/IT Incident","Network Server","No",""
"Gryphon Healthcare, LLC","TX","Business Associate","393358","10/11/2024","Hacking/IT Incident","Network Server","Yes",""
"Visionworks of America, Inc. ","TX","Healthcare Provider","39825","10/10/2024","Hacking/IT Incident","Email","No",""
"TheraCom, L.L.C.","PA","Healthcare Provider","9271","10/08/2024","Hacking/IT Incident","Network Server","No",""
"Schneider Regional Medical Center","","Healthcare Provider","1570","10/07/2024","Hacking/IT Incident","Network Server","No",""
"Ciox Health LLC, d/b/a Datavant Group","AZ","Business Associate","320702","10/07/2024","Hacking/IT Incident","Email","Yes",""
"ATSG, Inc","NY","Business Associate","909469","10/04/2024","Hacking/IT Incident","Network Server","Yes",""
"Omni Family Health","CA","Healthcare Provider","468344","10/04/2024","Hacking/IT Incident","Network Server","No",""
"Dr. Daniel J. Leeman, M.D.","TX","Healthcare Provider","50000","10/04/2024","Hacking/IT Incident","Network Server","No",""
"Walgreen Co.","IL","Healthcare Provider","1915","10/01/2024","Unauthorized Access/Disclosure","Laptop","No",""
"Texas Spine Consultants, PLLC ","TX","Healthcare Provider","8048","09/26/2024","Hacking/IT Incident","Email","No",""
"Community Clinic of Maui, Inc. dba Malama I Ke Ola Health Center","HI","Healthcare Provider","123816","09/26/2024","Hacking/IT Incident","Network Server","No",""
"University of Michigan/Michigan Medicine","MI","Healthcare Provider","57891","09/26/2024","Hacking/IT Incident","Email","No",""
"DAP Health, Inc. ","CA","Healthcare Provider","129048","09/24/2024","Hacking/IT Incident","Email","No",""
"Asheville Arthritis and Osteoporosis Center, P.A.","NC","Healthcare Provider","58251","09/20/2024","Hacking/IT Incident","Network Server","No",""
"Muskogee City County Enhanced 911 Trust Authority","OK","Business Associate","180000","09/20/2024","Hacking/IT Incident","Network Server","Yes",""
"Jacobsen Construction Co., Inc. Health Plan","UT","Health Plan","2127","09/20/2024","Hacking/IT Incident","Network Server","No",""
"Southern Bone & Joint Specialists, PA (“Southern Bone”)","MS","Healthcare Provider","7162","09/17/2024","Hacking/IT Incident","Email","No",""
"Rim Country Health and Rehabilitation ","AZ","Healthcare Provider","721","09/16/2024","Hacking/IT Incident","Email","No",""
"JTaylor & Associates LLC ","TX","Business Associate","22315","09/16/2024","Hacking/IT Incident","Email","Yes",""
"Maryville Academy","IL","Healthcare Provider","500","09/13/2024","Hacking/IT Incident","Network Server","No",""
"Atrium Health","NC","Healthcare Provider","32120","09/13/2024","Hacking/IT Incident","Email","No",""
"Chambers Co Public Hospital District No1 dba Chambers Health","TX","Healthcare Provider","85531","09/13/2024","Hacking/IT Incident","Network Server","No",""
"Nationwide Recovery Services, Inc.","GA","Business Associate","501","09/09/2024","Hacking/IT Incident","Network Server","Yes",""
"Welcome Health","CA","Healthcare Provider","597","09/06/2024","Hacking/IT Incident","Email","No",""
"EngageMED, Inc ","AR","Business Associate","249297","08/30/2024","Hacking/IT Incident","Network Server","Yes",""
"Minnesota Department of Human Services","MN","Healthcare Provider","4329","08/30/2024","Hacking/IT Incident","Email","No",""
"CODAC Inc dba CODAC Behavioral Health and CODAC Healthcare, LLC","RI","Healthcare Provider","9592","08/27/2024","Hacking/IT Incident","Network Server","No",""
"Blue Cross and Blue Shield of North Carolina","NC","Business Associate","972","08/27/2024","Hacking/IT Incident","Network Server","Yes",""
"Pomona Community Health Center dba ParkTree Community Health Center","CA","Healthcare Provider","40964","08/21/2024","Hacking/IT Incident","Network Server","No",""
"Excelsior Orthopaedics, LLC","NY","Healthcare Provider","292913","08/21/2024","Hacking/IT Incident","Network Server","No",""
"VeriSource Services, Inc.","TX","Business Associate","112726","08/20/2024","Hacking/IT Incident","Network Server","Yes",""
"Acadian Ambulance Service, Inc. ","LA","Healthcare Provider","2896985","08/20/2024","Hacking/IT Incident","Network Server","No",""
"Contents Trader, Inc.","TX","Healthcare Provider","27329","08/20/2024","Unauthorized Access/Disclosure","Network Server","No",""
"Kerber, Eck & Braeckel LLP","IL","Business Associate","134918","08/16/2024","Hacking/IT Incident","Network Server","Yes",""
"Specialty Networks, Inc. ","TN","Business Associate","411037","08/15/2024","Hacking/IT Incident","Network Server","Yes",""
"siParadigm LLC","NJ","Healthcare Provider","501","08/09/2024","Hacking/IT Incident","Network Server","No",""
"Turning Point of Central California, Inc.","CA","Healthcare Provider","53737","08/09/2024","Hacking/IT Incident","Network Server","No",""
"HealthEquity, Inc.","UT","Business Associate","4300000","08/09/2024","Hacking/IT Incident","Network Server","Yes",""
"Gramercy Surgery Center, Inc.","NY","Healthcare Provider","52372","08/09/2024","Hacking/IT Incident","Network Server","No",""
"Pemiscot Memorial Health System","MO","Healthcare Provider","33279","08/09/2024","Unauthorized Access/Disclosure","Electronic Medical Record","No",""
" Pocahontas Medical Clinic, PA","AR","Healthcare Provider","31216","08/06/2024","Hacking/IT Incident","Network Server","No",""
"Calibrated Healthcare, LLC","CA","Business Associate","6890","08/02/2024","Hacking/IT Incident","Network Server","Yes",""
"Alabama Cardiovascular Group","AL","Healthcare Provider","280534","08/02/2024","Hacking/IT Incident","Network Server","No",""
"Wayne Memorial Hospital","GA","Healthcare Provider","2500","08/02/2024","Hacking/IT Incident","Network Server","No",""
"Roseland Community Hospital Association","IL","Healthcare Provider","500","08/01/2024","Hacking/IT Incident","Network Server","No",""
"Frilot L.L.C.","LA","Business Associate","501","08/01/2024","Hacking/IT Incident","Network Server","Yes",""
"Deer Oaks Behavioral Health ","TX","Healthcare Provider","171871","07/31/2024","Hacking/IT Incident","Network Server","No",""
"Special Health Resources of Texas, Inc.","TX","Healthcare Provider","500","07/30/2024","Hacking/IT Incident","Network Server","No",""
"Delta County Memorial Hospital District (Delta Health)","CO","Healthcare Provider","148363","07/29/2024","Hacking/IT Incident","Network Server","No",""
"United of Omaha Life Insurance Company","NE","Health Plan","107894","07/26/2024","Hacking/IT Incident","Email","No",""
"Surgery Center of Mid Florida","FL","Healthcare Provider","48684","07/24/2024","Hacking/IT Incident","Network Server","No",""
"Sutton Dental Arts","OR","Healthcare Provider","4109","07/22/2024","Hacking/IT Incident","Network Server","No",""
"EMS Department for the Kansas City, Kansas Fire Department   ","KS","Healthcare Provider","501","07/20/2024","Hacking/IT Incident","Network Server","No",""
"Barrett Eye Care","IN","Healthcare Provider","4648","07/19/2024","Hacking/IT Incident","Network Server","No",""
"Sun City Pediatrics, PA","TX","Healthcare Provider","4500","07/19/2024","Hacking/IT Incident","Network Server","No",""
"Community Counseling of Bristol County, Inc.","MA","Healthcare Provider","44991","07/19/2024","Hacking/IT Incident","Network Server","No",""
"Change Healthcare, Inc.","MN","Business Associate","192700000","07/19/2024","Hacking/IT Incident","Network Server","Yes",""
"Fairfax Radiological Consultants ","VA","Healthcare Provider","3512","07/12/2024","Hacking/IT Incident","Network Server","No",""
"Smith, Gambrell & Russell LLP","GA","Business Associate","3370","07/09/2024","Hacking/IT Incident","Network Server","Yes",""
"School Employees' Benefit Trust","IN","Health Plan","1371","07/05/2024","Hacking/IT Incident","Network Server","Yes",""
"Palomar Health Medical Group","CA","Healthcare Provider","1140221","07/03/2024","Hacking/IT Incident","Network Server","No",""
"Ascension Health","MO","Healthcare Provider","5466931","07/03/2024","Hacking/IT Incident","Network Server","No",""
"DaVita Inc.","CO","Healthcare Provider","67443","07/03/2024","Unauthorized Access/Disclosure","Network Server","No",""
"Atlanta Perinatal Consultants, LLP","GA","Healthcare Provider","1508","07/02/2024","Hacking/IT Incident","Network Server","Yes",""
"Regional Obstetrical Consultants PC","TN","Healthcare Provider","25650","07/02/2024","Hacking/IT Incident","Network Server","No",""
"Georgia Kidney Associates, Inc.","GA","Healthcare Provider","9940","06/28/2024","Theft","Other","No",""
"Geisinger","PA","Healthcare Provider","1276026","06/21/2024","Unauthorized Access/Disclosure","Network Server","Yes",""
"Texas Retina Associates","TX","Healthcare Provider","312867","06/21/2024","Hacking/IT Incident","Network Server","No",""
"The Lash Group, LLC","PA","Business Associate","15196","06/21/2024","Hacking/IT Incident","Network Server","Yes",""
"Radiology and Imaging Specialists","FL","Healthcare Provider","37210","06/17/2024","Hacking/IT Incident","Email","No",""
"Neurobehavioral Medicine Consultants, P.C.","OH","Healthcare Provider","18182","06/14/2024","Hacking/IT Incident","Network Server","No",""
"IBEW LOCAL 236 WELFARE FUND","CT","Health Plan","3217","06/11/2024","Hacking/IT Incident","Network Server","Yes",""
"ASBESTOS WORKERS LOCAL 42 WELFARE PLAN","GA","Health Plan","520","06/11/2024","Hacking/IT Incident","Network Server","Yes",""
"Signature Performance, Inc.","NE","Business Associate","130228","06/10/2024","Hacking/IT Incident","Network Server","Yes",""
"Community Alliance Rehabilitation Services","NE","Healthcare Provider","10750","06/07/2024","Hacking/IT Incident","Network Server","No",""
"Insurance ACE/Humana Inc.","KY","Health Plan","15003","06/05/2024","Unauthorized Access/Disclosure","Paper/Films","No",""
"Panorama Eyecare","CO","Healthcare Provider","377911","06/05/2024","Hacking/IT Incident","Network Server","No",""
"Wilson & Company, Inc., Engineers & Architects Health and Welfare Benefit Plan","NM","Health Plan","1867","06/04/2024","Hacking/IT Incident","Network Server","No",""
"Easterseals Central Illinois","IL","Healthcare Provider","500","05/31/2024","Hacking/IT Incident","Network Server","No",""
"AmerisourceBergen Specialty Group, LLC","PA","Healthcare Provider","3102","05/31/2024","Hacking/IT Incident","Network Server","No",""
"AmerisourceBergen Specialty Group, LLC","PA","Healthcare Provider","252214","05/24/2024","Hacking/IT Incident","Network Server","No",""
"A&A Services d/b/a Sav-Rx","NE","Business Associate","2812336","05/24/2024","Hacking/IT Incident","Network Server","Yes",""
"City of St. Cloud","FL","Health Plan","2273","05/24/2024","Hacking/IT Incident","Network Server","No",""
"Tri-City Healthcare District","CA","Healthcare Provider","108149","05/23/2024","Hacking/IT Incident","Network Server","No",""
"Trionfo Solutions, LLC","IL","Business Associate","81588","05/22/2024","Hacking/IT Incident","Network Server","Yes",""
"Omni Healthcare Financial Holdings","NC","Business Associate","16852","05/18/2024","Hacking/IT Incident","Network Server","Yes",""
"Gastroenterology Associates of Central Florida, P.A./ Center for Digestive Health","FL","Healthcare Provider","121693","05/17/2024","Hacking/IT Incident","Network Server","No",""
"Victoria Eye Center/Victoria Surgery Center/Victoria Vision Center","TX","Healthcare Provider","80000","05/17/2024","Hacking/IT Incident","Network Server","No",""
"Pope & Conner Consulting, Inc.","WI","Business Associate","1035","05/15/2024","Hacking/IT Incident","Email","Yes",""
"Hypertension-Nephrology Associates, P.C. ","PA","Healthcare Provider","39491","05/14/2024","Hacking/IT Incident","Electronic Medical Record, Network Server","No",""
"Superior Air-Ground Ambulance Service, Inc. ","IL","Healthcare Provider","1039972","05/10/2024","Hacking/IT Incident","Network Server","No",""
"WebTPA Employer Services, LLC (“WebTPA”)","TX","Business Associate","2518533","05/08/2024","Hacking/IT Incident","Network Server","Yes",""
"1st Choice Home Care","AR","Healthcare Provider","1600","05/08/2024","Unauthorized Access/Disclosure","Electronic Medical Record","No",""
"Watson Clinic","FL","Healthcare Provider","280278","05/08/2024","Hacking/IT Incident","Network Server","No",""
"Kenneth Young Center","IL","Healthcare Provider","6842","05/06/2024","Hacking/IT Incident","Network Server","No",""
"Medical Express Ambulance Inc.  D/B/A Medex Ambulance","IL","Healthcare Provider","121190","05/02/2024","Hacking/IT Incident","Network Server","No",""
"United Seating and Mobility, L.L.C., d/b/a Numotion","TN","Healthcare Provider","602265","05/01/2024","Hacking/IT Incident","Network Server","No",""
"AMERICAN RENAL MANAGEMENT","TN","Business Associate","501","04/29/2024","Hacking/IT Incident","Network Server","Yes",""
"Signature Healthcare Services LLC","CA","Business Associate","14696","04/27/2024","Hacking/IT Incident","Network Server","Yes",""
"Empath-Stratum Inc. doing business as  Empath Health","FL","Healthcare Provider","5545","04/25/2024","Hacking/IT Incident","Email","No",""
"Therapeutic Health Services ","WA","Healthcare Provider","501","04/25/2024","Hacking/IT Incident","Network Server","No",""
"Kootenai Health","ID","Healthcare Provider","464088","04/24/2024","Hacking/IT Incident","Network Server","No",""
"Medical Billing Specialists, Inc.","MA","Business Associate","43673","04/24/2024","Hacking/IT Incident","Network Server","Yes",""
"NorthBay Healthcare Corporation","CA","Healthcare Provider","569012","04/23/2024","Hacking/IT Incident","Network Server","No",""
"South Texas Oncology and Hematology, PLLC","TX","Healthcare Provider","175195","04/19/2024","Hacking/IT Incident","Network Server","No",""
"Cumberland Heights Foundation, Inc. ","TN","Healthcare Provider","5078","04/19/2024","Hacking/IT Incident","Email","No",""
"Bridgeway Center, Inc.","FL","Healthcare Provider","36353","04/19/2024","Hacking/IT Incident","Network Server","No",""
"Hospice of the Bluegrass, Inc. dba Bluegrass Care Navigators","KY","Healthcare Provider","2282","04/17/2024","Hacking/IT Incident","Email","No",""
"Kaiser Foundation Health Plan, Inc.","CA","Health Plan","13400000","04/12/2024","Unauthorized Access/Disclosure","Network Server","No",""
"Sleep Management Institute","OH","Healthcare Provider","500","04/05/2024","Hacking/IT Incident","Network Server","No",""
"Gaia Software, LLC","CO","Business Associate","56676","04/05/2024","Hacking/IT Incident","Network Server","Yes",""
"UNC Hospitals","NC","Healthcare Provider","3142","04/02/2024","Hacking/IT Incident","Email","No",""
"Northern Virginia Oral, Maxillofacial & Implant Surgery ","VA","Healthcare Provider","4333","03/29/2024","Hacking/IT Incident","Network Server","No",""
"Delta Health System","MS","Healthcare Provider","216532","03/29/2024","Hacking/IT Incident","Network Server","No",""
"Strive Holdco, LLC","TX","Healthcare Provider","51477","03/28/2024","Unauthorized Access/Disclosure","Network Server","No",""
"Family Health Center ","MI","Healthcare Provider","33240","03/24/2024","Hacking/IT Incident","Network Server","No",""
"Mary H. Makhlouf, DMD, MS, PA","NC","Healthcare Provider","1797","03/22/2024","Hacking/IT Incident","Network Server","No",""
"M&D Capital Premier Billing LLC","NY","Business Associate","284326","03/21/2024","Hacking/IT Incident","Network Server","Yes",""
"Sycamore Rehabilitation Services, Inc.","IN","Healthcare Provider","3414","03/18/2024","Hacking/IT Incident","Network Server","No",""
"Bronson Healthcare Group","MI","Healthcare Provider","1597","03/13/2024","Unauthorized Access/Disclosure","Electronic Medical Record","No",""
"A5 PHARMACY INC.","NY","Healthcare Provider","3000","03/13/2024","Hacking/IT Incident","Network Server","No",""
"Lindsay Municipal Hospital","OK","Healthcare Provider","500","03/13/2024","Hacking/IT Incident","Network Server","No",""
"CCM Health","MN","Healthcare Provider","84329","03/12/2024","Hacking/IT Incident","Network Server","No",""
"Access TeleCare","TX","Healthcare Provider","65466","03/08/2024","Hacking/IT Incident","Email","No",""
"Orsini Pharmaceutical Services, LLC","IL","Healthcare Provider","1433","03/08/2024","Hacking/IT Incident","Email","No",""
"Dental Group of Amarillo","TX","Healthcare Provider","3821","03/06/2024","Hacking/IT Incident","Network Server","No",""
"Seaglass Chiropractic","NJ","Healthcare Provider","650","03/06/2024","Theft","Laptop, Other Portable Electronic Device","No",""
"Vail Summit Orthopaedics, LLC (“VSON”)","CO","Healthcare Provider","1138","03/04/2024","Hacking/IT Incident","Network Server","No",""
"UNITE HERE ","NY","Business Associate","95797","02/23/2024","Hacking/IT Incident","Network Server","Yes",""
"Prague Regional Memorial Hospital ","OK","Healthcare Provider","1347","02/22/2024","Hacking/IT Incident","Email","No",""
"interventional Pain and Regenerative Medicine","TX","Healthcare Provider","2843","02/21/2024","Unauthorized Access/Disclosure","Paper/Films","No",""
"Hospice of Huntington","WV","Healthcare Provider","9013","02/16/2024","Hacking/IT Incident","Network Server","No",""
"Mental Health Center of North Central Alabama, Inc.","AL","Healthcare Provider","75667","02/16/2024","Hacking/IT Incident","Network Server","No",""
"Amin Radiology d/b/a Citrus Diagnostic Center ","FL","Healthcare Provider","1273","02/15/2024","Hacking/IT Incident","Network Server","No",""
"Lena Pope Home Inc.","TX","Healthcare Provider","3954","02/15/2024","Hacking/IT Incident","Email","No",""
"Biomatrix Specialty Pharmacy, LLC ","FL","Healthcare Provider","3640","02/13/2024","Hacking/IT Incident","Network Server","No",""
"Lexington Health, Inc.","SC","Healthcare Provider","1994","02/12/2024","Hacking/IT Incident","Email, Other","No",""
"Bradford Health Services, LLC ","AL","Healthcare Provider","28543","02/06/2024","Hacking/IT Incident","Network Server","No",""
"Bloom Health Centers","MD","Healthcare Provider","1954","02/01/2024","Hacking/IT Incident","Email","No",""
"CNO ACE","IN","Health Plan","65295","01/26/2024","Hacking/IT Incident","Network Server","No",""
"INTEGRIS Health","OK","Healthcare Provider","2385646","01/26/2024","Hacking/IT Incident","Network Server","No",""
"AHS Management Company, Inc.","TN","Business Associate","23686","01/22/2024","Hacking/IT Incident","Network Server","Yes",""
"Dickinson County Health Department","KS","Healthcare Provider","1063","01/17/2024","Unauthorized Access/Disclosure","Desktop Computer","No",""
"HORNE, LLP","MS","Business Associate","170052","01/13/2024","Hacking/IT Incident","Network Server","Yes",""
"Azura Vascular Care","PA","Business Associate","348000","01/13/2024","Hacking/IT Incident","Network Server","Yes",""
"Covenant Care California, LLC ","CA","Healthcare Provider","501","01/12/2024","Hacking/IT Incident","Network Server","No",""
"Family Healthcare Center","ND","Healthcare Provider","6457","01/11/2024","Hacking/IT Incident","Network Server","Yes",""
"Marathon County Special Education","WI","Healthcare Provider","10079","12/20/2023","Hacking/IT Incident","Email","No",""
"Community Dental","ME","Healthcare Provider","1523","11/17/2023","Hacking/IT Incident","Network Server","No",""
"Claxton-Hepburn Medical Center","NY","Healthcare Provider","757","11/02/2023","Hacking/IT Incident","Network Server","No",""
"Premier Health Partners and wholly owned covered entities listed in description section below","OH","Healthcare Provider","10833","10/12/2023","Hacking/IT Incident","Network Server","No",""
"Aspen Dental Management, Inc.","NY","Business Associate","62183","08/18/2023","Hacking/IT Incident","Network Server","Yes",""
"TAG Urgent Care Support Services, LLC","NY","Business Associate","516985","08/18/2023","Hacking/IT Incident","Network Server","Yes",""
"Shady Lane Nursing Home","NJ","Healthcare Provider","566","02/17/2023","Hacking/IT Incident","Desktop Computer, Laptop, Network Server","No",""
